NO2 measurements at country level  ;;;;;;;;;;
NO2: percentage of population and exceedances. Results are shown at country level (including EU28 and EEA33 aggregates).;;;;;;;;;;
;;;;;;;;;;
tot_pop_exc: sum of total population assigned to each stations for stations having above_LV?=1;;;;;;;;;;
nb_of_station_exc: count of stations having above_LV?=1;;;;;;;;;;
tot_pop_no_exc: sum of total population assigned to each stations for stations having above_LV?=0;;;;;;;;;;
nb_of_station_no_exc: count of stations having above_LV?=0;;;;;;;;;;
percentage_pop_exc=(tot_pop_exc)/(tot_pop_exc+tot_pop_no_exc)*100;;;;;;;;;;
percentage_pop_no_exc=(tot_pop_no_exc)/(tot_pop_exc+tot_pop_no_exc)*100;;;;;;;;;;
Note: one station (station_european_code) can be counted several times if the same station shows several concentration statistics for the same year (distinct measurements recorded under different measurement_european_group_code);;;;;;;;;;
;;;;;;;;;;
country_iso_code;country_name;component_caption;component_name;statistics_year;tot_pop_exc;nb_of_station_exc;tot_pop_no_exc;nb_of_station_no_exc;percentage_pop_exc;percentage_pop_no_exc
AT;Austria;NO2;Nitrogen dioxide (air);1985;0;0;173851,704;1;0;100
AT;Austria;NO2;Nitrogen dioxide (air);1988;481987,612;7;1177888,34;4;29,0375682242549;70,9624317757451
AT;Austria;NO2;Nitrogen dioxide (air);1989;358946,578666667;11;1300929,37333333;6;21,6249038510479;78,3750961489521
AT;Austria;NO2;Nitrogen dioxide (air);1990;475961,219885714;14;1611121,44411429;14;22,8050967072627;77,1949032927373
AT;Austria;NO2;Nitrogen dioxide (air);1991;257435,9872;11;1835613,7808;18;12,2995635906924;87,7004364093076
AT;Austria;NO2;Nitrogen dioxide (air);1992;168163,7056;10;1924886,0624;18;8,03438638540772;91,9656136145923
AT;Austria;NO2;Nitrogen dioxide (air);1993;428209,721219048;9;1664840,04678095;21;20,4586497543353;79,5413502456647
AT;Austria;NO2;Nitrogen dioxide (air);1994;102849,890133333;7;1990199,87786667;25;4,91387695150751;95,0861230484925
AT;Austria;NO2;Nitrogen dioxide (air);1995;51727,4773333333;5;2041322,29066667;28;2,47139261207158;97,5286073879284
AT;Austria;NO2;Nitrogen dioxide (air);1996;323155,308952381;8;1873526,50704762;28;14,7110658721081;85,2889341278919
AT;Austria;NO2;Nitrogen dioxide (air);1997;293196,494;8;1903485,322;26;13,3472445515068;86,6527554484932
AT;Austria;NO2;Nitrogen dioxide (air);1998;94362,9333333333;7;2102318,88266667;28;4,29570330331962;95,7042966966804
AT;Austria;NO2;Nitrogen dioxide (air);1999;50463,264;7;2042586,504;27;2,41099207345747;97,5890079265425
AT;Austria;NO2;Nitrogen dioxide (air);2000;59802,592;6;2049113,032;29;2,83570339749164;97,1642966025083
AT;Austria;NO2;Nitrogen dioxide (air);2001;94457,0474666667;6;2014458,57653333;29;4,47893914729073;95,5210608527093
AT;Austria;NO2;Nitrogen dioxide (air);2002;106210,2208;7;2140612,8352;29;4,72712884605542;95,2728711539446
AT;Austria;NO2;Nitrogen dioxide (air);2003;127881,632;10;2118941,424;24;5,69166457761327;94,3083354223867
AT;Austria;NO2;Nitrogen dioxide (air);2004;69872,096;9;2176950,96;26;3,10981747376194;96,8901825262381
AT;Austria;NO2;Nitrogen dioxide (air);2005;127881,632;10;2118941,424;24;5,69166457761327;94,3083354223867
AT;Austria;NO2;Nitrogen dioxide (air);2006;129862,848;10;2116960,208;23;5,77984312797616;94,2201568720239
AT;Austria;NO2;Nitrogen dioxide (air);2007;118386,944;9;2128436,112;25;5,2690817678702;94,7309182321298
AT;Austria;NO2;Nitrogen dioxide (air);2008;115403,392;8;2131419,664;25;5,13629196085657;94,8637080391434
AT;Austria;NO2;Nitrogen dioxide (air);2009;53439,2426666667;7;2193383,81333333;27;2,37843574392565;97,6215642560744
AT;Austria;NO2;Nitrogen dioxide (air);2010;59382,8906666667;8;2187440,16533333;26;2,64297139501432;97,3570286049857
AT;Austria;NO2;Nitrogen dioxide (air);2011;63920,384;9;2373803,616;27;2,62213376083593;97,3778662391641
AT;Austria;NO2;Nitrogen dioxide (air);2012;36871,0613333333;6;2400852,93866667;30;1,51251992979243;98,4874800702076
BE;Belgium;NO2;Nitrogen dioxide (air);1990;658516,73;4;0;0;100;0
BE;Belgium;NO2;Nitrogen dioxide (air);1991;1387819,82;5;215061,648;1;86,5828102518183;13,4171897481817
BE;Belgium;NO2;Nitrogen dioxide (air);1992;123525,166;4;1479356,302;3;7,70644420476886;92,2935557952311
BE;Belgium;NO2;Nitrogen dioxide (air);1993;551042,578;4;716842,648;3;43,4615505173494;56,5384494826506
BE;Belgium;NO2;Nitrogen dioxide (air);1994;443455,082;4;1144360,06;3;27,9286341507883;72,0713658492117
BE;Belgium;NO2;Nitrogen dioxide (air);1995;123525,166;4;1479356,302;4;7,70644420476886;92,2935557952311
BE;Belgium;NO2;Nitrogen dioxide (air);1996;108458,84;3;1479356,302;4;6,83069692000708;93,1693030799929
BE;Belgium;NO2;Nitrogen dioxide (air);1997;323520,488;4;1279360,98;4;20,1836813550333;79,8163186449667
BE;Belgium;NO2;Nitrogen dioxide (air);1998;86393,372;3;1516488,096;5;5,38987902254542;94,6101209774546
BE;Belgium;NO2;Nitrogen dioxide (air);1999;123525,166;5;1667888,976;5;6,89539973498769;93,1046002650123
BE;Belgium;NO2;Nitrogen dioxide (air);2000;83704,3106666667;3;1707709,83133333;8;4,67252706698051;95,3274729330195
BE;Belgium;NO2;Nitrogen dioxide (air);2001;108458,84;3;1682955,302;7;6,05436997828501;93,945630021715
BE;Belgium;NO2;Nitrogen dioxide (air);2002;108458,84;5;1432440,818;8;7,03866987294769;92,9613301270523
BE;Belgium;NO2;Nitrogen dioxide (air);2003;570911,417;9;1304984,483;6;30,434067103617;69,565932896383
BE;Belgium;NO2;Nitrogen dioxide (air);2004;123525,166;7;1752370,734;8;6,58486251822396;93,415137481776
BE;Belgium;NO2;Nitrogen dioxide (air);2005;108672,4484;6;1767223,4516;10;5,79309589620618;94,2069041037938
BE;Belgium;NO2;Nitrogen dioxide (air);2006;104959,269;5;2198839,379;11;4,55592198090395;95,4440780190961
BE;Belgium;NO2;Nitrogen dioxide (air);2007;123525,166;6;2180273,482;10;5,36180391056467;94,6381960894353
BE;Belgium;NO2;Nitrogen dioxide (air);2008;93606,1224;5;2210192,5256;12;4,06312081488816;95,9368791851118
BE;Belgium;NO2;Nitrogen dioxide (air);2009;78753,4048;4;2225045,2432;13;3,41841527115958;96,5815847288404
BE;Belgium;NO2;Nitrogen dioxide (air);2010;78753,4048;4;2225045,2432;12;3,41841527115958;96,5815847288404
BE;Belgium;NO2;Nitrogen dioxide (air);2011;63900,6872;3;2239897,9608;13;2,77370972743101;97,226290272569
BE;Belgium;NO2;Nitrogen dioxide (air);2012;63900,6872;4;2239897,9608;14;2,77370972743101;97,226290272569
BG;Bulgaria;NO2;Nitrogen dioxide (air);1998;0;0;11218,248;1;0;100
BG;Bulgaria;NO2;Nitrogen dioxide (air);1999;0;0;341980,144;2;0;100
BG;Bulgaria;NO2;Nitrogen dioxide (air);2001;0;0;402311,12;3;0;100
BG;Bulgaria;NO2;Nitrogen dioxide (air);2003;554373,746;1;557191,97;2;49,8732317865047;50,1267682134954
BG;Bulgaria;NO2;Nitrogen dioxide (air);2004;41405,508;1;1442327,612;5;2,79063043359172;97,2093695664083
BG;Bulgaria;NO2;Nitrogen dioxide (air);2005;410988,005333333;2;1484067,26266667;8;21,6873888732059;78,3126111267942
BG;Bulgaria;NO2;Nitrogen dioxide (air);2006;410988,005333333;2;1301031,10666667;8;24,0060407300718;75,9939592699282
BG;Bulgaria;NO2;Nitrogen dioxide (air);2007;41405,508;1;1670613,604;9;2,41851902877589;97,5814809712241
BG;Bulgaria;NO2;Nitrogen dioxide (air);2008;410988,005333333;2;1486885,48666667;9;21,6551844506891;78,344815549311
BG;Bulgaria;NO2;Nitrogen dioxide (air);2009;423340,109333333;4;1744434,47466667;12;19,5287883001277;80,4712116998723
BG;Bulgaria;NO2;Nitrogen dioxide (air);2010;33054,858;2;2435119,478;15;1,3392432421759;98,6607567578241
BG;Bulgaria;NO2;Nitrogen dioxide (air);2011;402637,355333333;3;2065536,98066667;15;16,3131651383208;83,6868348616792
BG;Bulgaria;NO2;Nitrogen dioxide (air);2012;33054,858;2;2435119,478;16;1,3392432421759;98,6607567578241
CH;Switzerland;NO2;Nitrogen dioxide (air);1991;173044;3;0;0;100;0
CH;Switzerland;NO2;Nitrogen dioxide (air);1992;743659;15;88454,5;1;89,369899659121;10,630100340879
CH;Switzerland;NO2;Nitrogen dioxide (air);1993;740237;14;198007,65;3;78,8959468087561;21,1040531912439
CH;Switzerland;NO2;Nitrogen dioxide (air);1994;740237;14;198007,65;3;78,8959468087561;21,1040531912439
CH;Switzerland;NO2;Nitrogen dioxide (air);1995;418416,9;13;519827,75;4;44,5957139217367;55,4042860782633
CH;Switzerland;NO2;Nitrogen dioxide (air);1996;418416,9;13;519827,75;4;44,5957139217367;55,4042860782633
CH;Switzerland;NO2;Nitrogen dioxide (air);1997;575845,2;13;198007,65;3;74,4127517266364;25,5872482733636
CH;Switzerland;NO2;Nitrogen dioxide (air);1998;256336,2;11;678550,9;5;27,4189471648502;72,5810528351498
CH;Switzerland;NO2;Nitrogen dioxide (air);1999;210131,2;9;788549,35;8;21,0408823922725;78,9591176077275
CH;Switzerland;NO2;Nitrogen dioxide (air);2000;37270,45;7;961410,1;10;3,7319691466906;96,2680308533094
CH;Switzerland;NO2;Nitrogen dioxide (air);2001;25513,45;4;973167,1;13;2,55471581978842;97,4452841802116
CH;Switzerland;NO2;Nitrogen dioxide (air);2002;29839,55;5;968841;12;2,98789738119962;97,0121026188004
CH;Switzerland;NO2;Nitrogen dioxide (air);2003;205010,55;7;793670;9;20,5281408554517;79,4718591445483
CH;Switzerland;NO2;Nitrogen dioxide (air);2004;24253,7;4;974426,85;13;2,42857438246895;97,5714256175311
CH;Switzerland;NO2;Nitrogen dioxide (air);2005;21370,6;4;911206,25;10;2,2915644968026;97,7084355031974
CH;Switzerland;NO2;Nitrogen dioxide (air);2006;34165,65;6;856073,5;9;3,83780583004017;96,1621941699598
CH;Switzerland;NO2;Nitrogen dioxide (air);2007;21370,6;4;868868,55;10;2,40054596565429;97,5994540343457
CH;Switzerland;NO2;Nitrogen dioxide (air);2008;29839,55;5;860399,6;11;3,35185775642421;96,6481422435758
CH;Switzerland;NO2;Nitrogen dioxide (air);2009;11458,65;2;878780,5;12;1,28714289862449;98,7128571013755
CH;Switzerland;NO2;Nitrogen dioxide (air);2010;19927,6;3;870311,55;12;2,23845468939442;97,7615453106056
CH;Switzerland;NO2;Nitrogen dioxide (air);2011;25513,45;4;800932,25;10;3,08712962025212;96,9128703797479
CH;Switzerland;NO2;Nitrogen dioxide (air);2012;25513,45;4;800932,25;10;3,08712962025212;96,9128703797479
CY;Cyprus;NO2;Nitrogen dioxide (air);1994;12519,95;1;0;0;100;0
CY;Cyprus;NO2;Nitrogen dioxide (air);2000;0;0;12519,95;1;0;100
CY;Cyprus;NO2;Nitrogen dioxide (air);2001;12519,95;1;0;0;100;0
CY;Cyprus;NO2;Nitrogen dioxide (air);2002;0;0;12519,95;1;0;100
CY;Cyprus;NO2;Nitrogen dioxide (air);2003;12519,95;1;0;0;100;0
CY;Cyprus;NO2;Nitrogen dioxide (air);2004;0;0;12519,95;1;0;100
CY;Cyprus;NO2;Nitrogen dioxide (air);2005;0;0;12519,95;1;0;100
CY;Cyprus;NO2;Nitrogen dioxide (air);2006;0;0;12519,95;1;0;100
CY;Cyprus;NO2;Nitrogen dioxide (air);2007;0;0;12519,95;1;0;100
CY;Cyprus;NO2;Nitrogen dioxide (air);2009;0;0;12519,95;1;0;100
CY;Cyprus;NO2;Nitrogen dioxide (air);2010;0;0;12519,95;1;0;100
CY;Cyprus;NO2;Nitrogen dioxide (air);2011;0;0;12519,95;1;0;100
CY;Cyprus;NO2;Nitrogen dioxide (air);2012;0;0;12519,95;1;0;100
CZ;Czech Republic;NO2;Nitrogen dioxide (air);1992;26344,485;1;1144521,515;5;2,25;97,75
CZ;Czech Republic;NO2;Nitrogen dioxide (air);1993;122197,042;4;1269204,243;10;8,78230049931282;91,2176995006872
CZ;Czech Republic;NO2;Nitrogen dioxide (air);1994;217976,220333333;4;2219349,87966667;18;8,9432522112381;91,0567477887619
CZ;Czech Republic;NO2;Nitrogen dioxide (air);1995;10537,794;1;2516067,081;25;0,417073286934111;99,5829267130659
CZ;Czech Republic;NO2;Nitrogen dioxide (air);1996;46391,976;5;2487493,674;22;1,83086304624678;98,1691369537532
CZ;Czech Republic;NO2;Nitrogen dioxide (air);1997;53672,751;6;2325698,674;20;2,2557533656184;97,7442466343816
CZ;Czech Republic;NO2;Nitrogen dioxide (air);1998;31613,382;3;2502272,268;24;1,24762465109663;98,7523753489034
CZ;Czech Republic;NO2;Nitrogen dioxide (air);1999;21075,588;2;2512810,062;25;0,831749767397751;99,1682502326022
CZ;Czech Republic;NO2;Nitrogen dioxide (air);2000;17562,99;2;2516322,66;25;0,693124806164793;99,3068751938352
CZ;Czech Republic;NO2;Nitrogen dioxide (air);2001;17562,99;2;2516322,66;25;0,693124806164793;99,3068751938352
CZ;Czech Republic;NO2;Nitrogen dioxide (air);2002;26344,485;3;2507541,165;24;1,03968720924719;98,9603127907528
CZ;Czech Republic;NO2;Nitrogen dioxide (air);2003;52688,97;6;2636383,36;21;1,95937347657733;98,0406265234227
CZ;Czech Republic;NO2;Nitrogen dioxide (air);2004;30107,9828571429;4;2854226,85214286;29;1,04384492714913;98,9561550728509
CZ;Czech Republic;NO2;Nitrogen dioxide (air);2005;69775,5825;8;2849086,4475;35;2,39050636113828;97,6094936388617
CZ;Czech Republic;NO2;Nitrogen dioxide (air);2006;83929,9692857143;10;2834932,06071429;31;2,87543461880294;97,1245653811971
CZ;Czech Republic;NO2;Nitrogen dioxide (air);2007;50737,6028571429;6;2772644,48214286;35;1,79705053477177;98,2029494652282
CZ;Czech Republic;NO2;Nitrogen dioxide (air);2008;54285,55875;7;2703826,09625;34;1,96821468962612;98,0317853103739
CZ;Czech Republic;NO2;Nitrogen dioxide (air);2009;47699,4375;6;2775682,6475;37;1,68944323028103;98,310556769719
CZ;Czech Republic;NO2;Nitrogen dioxide (air);2010;54285,55875;7;2769096,52625;36;1,92271386286706;98,0772861371329
CZ;Czech Republic;NO2;Nitrogen dioxide (air);2011;50017,21875;6;2773364,86625;35;1,771535599653;98,228464400347
CZ;Czech Republic;NO2;Nitrogen dioxide (air);2012;35250,4575;4;2883611,5725;38;1,2076780998107;98,7923219001893
DE;Germany;NO2;Nitrogen dioxide (air);1984;1148394,276;7;0;0;100;0
DE;Germany;NO2;Nitrogen dioxide (air);1985;947886,504;10;480755,016;2;66,3487999424796;33,6512000575204
DE;Germany;NO2;Nitrogen dioxide (air);1986;1394619,01;12;204380,82;1;87,2182087724174;12,7817912275826
DE;Germany;NO2;Nitrogen dioxide (air);1988;7579398,99366667;36;3232010,19033333;14;70,1055603823002;29,8944396176998
DE;Germany;NO2;Nitrogen dioxide (air);1989;7066377,0035;39;2489965,1445;7;73,9443700744734;26,0556299255266
DE;Germany;NO2;Nitrogen dioxide (air);1990;10349331,0199667;73;8053544,73403333;54;56,2375748133667;43,7624251866333
DE;Germany;NO2;Nitrogen dioxide (air);1991;12885944,8036;76;5586401,2484;37;69,7580305572764;30,2419694427236
DE;Germany;NO2;Nitrogen dioxide (air);1992;9981946,04483333;95;10758872,2951667;72;48,1270597967801;51,8729402032199
DE;Germany;NO2;Nitrogen dioxide (air);1993;4606540,99686667;56;14365544,0231333;90;24,2806259407468;75,7193740592532
DE;Germany;NO2;Nitrogen dioxide (air);1994;2850894,5905;49;15438048,9175;101;15,5880769671192;84,4119230328808
DE;Germany;NO2;Nitrogen dioxide (air);1995;2953007,94633333;65;17891239,5016667;126;14,1670163612295;85,8329836387705
DE;Germany;NO2;Nitrogen dioxide (air);1996;3436300,197;94;17842896,409;161;16,1486369087406;83,8513630912594
DE;Germany;NO2;Nitrogen dioxide (air);1997;4968739,25666667;118;15828984,9433333;115;23,8907834765241;76,1092165234759
DE;Germany;NO2;Nitrogen dioxide (air);1998;3072097,68306667;77;17322385,3069333;125;15,0633761325208;84,9366238674792
DE;Germany;NO2;Nitrogen dioxide (air);1999;2140890,66211429;72;18670788,1698857;153;10,2869676175401;89,7130323824599
DE;Germany;NO2;Nitrogen dioxide (air);2000;1538056,625;54;20038470,993;142;7,12837882086685;92,8716211791331
DE;Germany;NO2;Nitrogen dioxide (air);2001;938486,747423809;64;20801248,1765762;174;4,31691899972409;95,6830810002759
DE;Germany;NO2;Nitrogen dioxide (air);2002;1014747,01966667;58;20951448,2243334;148;4,6195848138236;95,3804151861764
DE;Germany;NO2;Nitrogen dioxide (air);2003;2688044,53271429;77;18006691,5092857;118;12,9890254568065;87,0109745431935
DE;Germany;NO2;Nitrogen dioxide (air);2004;2283593,883;61;18226076,811;130;11,1342298814581;88,8657701185419
DE;Germany;NO2;Nitrogen dioxide (air);2005;1733489,09466667;69;18889069,4913333;131;8,40579061728779;91,5942093827122
DE;Germany;NO2;Nitrogen dioxide (air);2006;1869587,018;92;18901208,516;127;9,00103712898067;90,9989628710193
DE;Germany;NO2;Nitrogen dioxide (air);2007;1681948,22846667;86;19069871,8295333;142;8,10506367039483;91,8949363296052
DE;Germany;NO2;Nitrogen dioxide (air);2008;1120822,14713333;74;19467298,3648667;144;5,44402363722347;94,5559763627765
DE;Germany;NO2;Nitrogen dioxide (air);2009;1122719,467;76;19980985,191;142;5,32001127382342;94,6799887261766
DE;Germany;NO2;Nitrogen dioxide (air);2010;1252984,59733333;80;19892042,8126667;137;5,92567024406298;94,074329755937
DE;Germany;NO2;Nitrogen dioxide (air);2011;1186024,67033333;75;19928055,4196667;136;5,61722161362386;94,3827783863761
DE;Germany;NO2;Nitrogen dioxide (air);2012;1115247,15466667;70;20350317,0033333;141;5,19551755759946;94,8044824424006
DK;Denmark;NO2;Nitrogen dioxide (air);1983;45028,434;2;12258,312;1;78,6018357544693;21,3981642455307
DK;Denmark;NO2;Nitrogen dioxide (air);1984;12696,222;1;12258,312;1;50,8774157032946;49,1225842967054
DK;Denmark;NO2;Nitrogen dioxide (air);1985;0;0;12258,312;1;0;100
DK;Denmark;NO2;Nitrogen dioxide (air);1986;12696,222;1;12258,312;1;50,8774157032946;49,1225842967054
DK;Denmark;NO2;Nitrogen dioxide (air);1987;0;0;12258,312;1;0;100
DK;Denmark;NO2;Nitrogen dioxide (air);1988;57286,746;3;0;0;100;0
DK;Denmark;NO2;Nitrogen dioxide (air);1989;45028,434;3;31535,526;2;58,8115269899833;41,1884730100167
DK;Denmark;NO2;Nitrogen dioxide (air);1990;32332,212;1;24954,534;2;56,4392538546351;43,5607461453649
DK;Denmark;NO2;Nitrogen dioxide (air);1991;57286,746;3;0;0;100;0
DK;Denmark;NO2;Nitrogen dioxide (air);1992;32332,212;1;24954,534;2;56,4392538546351;43,5607461453649
DK;Denmark;NO2;Nitrogen dioxide (air);1993;32332,212;1;12696,222;1;71,8039894525313;28,1960105474687
DK;Denmark;NO2;Nitrogen dioxide (air);1994;32332,212;1;12696,222;1;71,8039894525313;28,1960105474687
DK;Denmark;NO2;Nitrogen dioxide (air);1995;0;0;24954,534;2;0;100
DK;Denmark;NO2;Nitrogen dioxide (air);1996;0;0;198428,222;3;0;100
DK;Denmark;NO2;Nitrogen dioxide (air);1997;32332,212;1;822952,566;4;3,78028614932277;96,2197138506772
DK;Denmark;NO2;Nitrogen dioxide (air);1998;32332,212;1;835648,788;5;3,72499075440591;96,2750092455941
DK;Denmark;NO2;Nitrogen dioxide (air);1999;32332,212;1;835648,788;5;3,72499075440591;96,2750092455941
DK;Denmark;NO2;Nitrogen dioxide (air);2000;32332,212;1;835648,788;5;3,72499075440591;96,2750092455941
DK;Denmark;NO2;Nitrogen dioxide (air);2001;0;0;867981;6;0;100
DK;Denmark;NO2;Nitrogen dioxide (air);2002;51609,426;3;1108450,574;6;4,44885833491371;95,5511416650863
DK;Denmark;NO2;Nitrogen dioxide (air);2003;51609,426;3;1108450,574;6;4,44885833491371;95,5511416650863
DK;Denmark;NO2;Nitrogen dioxide (air);2004;51609,426;3;928779,796;5;5,26417721063033;94,7358227893697
DK;Denmark;NO2;Nitrogen dioxide (air);2005;51609,426;3;1108450,574;6;4,44885833491371;95,5511416650863
DK;Denmark;NO2;Nitrogen dioxide (air);2006;64305,648;4;1095754,352;5;5,54330362222644;94,4566963777736
DK;Denmark;NO2;Nitrogen dioxide (air);2007;32332,212;2;1127727,788;7;2,78711549402617;97,2128845059738
DK;Denmark;NO2;Nitrogen dioxide (air);2008;51609,426;2;1108450,574;6;4,44885833491371;95,5511416650863
DK;Denmark;NO2;Nitrogen dioxide (air);2009;64305,648;4;1095754,352;5;5,54330362222644;94,4566963777736
DK;Denmark;NO2;Nitrogen dioxide (air);2010;16166,106;1;1143893,894;8;1,39355774701309;98,6064422529869
DK;Denmark;NO2;Nitrogen dioxide (air);2011;16166,106;1;1143893,894;8;1,39355774701309;98,6064422529869
DK;Denmark;NO2;Nitrogen dioxide (air);2012;16166,106;1;1143893,894;8;1,39355774701309;98,6064422529869
EE;Estonia;NO2;Nitrogen dioxide (air);1997;0;0;11004,308;1;0;100
EE;Estonia;NO2;Nitrogen dioxide (air);1998;0;0;11004,308;1;0;100
EE;Estonia;NO2;Nitrogen dioxide (air);1999;0;0;11004,308;1;0;100
EE;Estonia;NO2;Nitrogen dioxide (air);2000;0;0;11004,308;1;0;100
EE;Estonia;NO2;Nitrogen dioxide (air);2001;0;0;393011;2;0;100
EE;Estonia;NO2;Nitrogen dioxide (air);2002;0;0;393011;2;0;100
EE;Estonia;NO2;Nitrogen dioxide (air);2003;0;0;393011;2;0;100
EE;Estonia;NO2;Nitrogen dioxide (air);2004;0;0;382006,692;1;0;100
EE;Estonia;NO2;Nitrogen dioxide (air);2005;0;0;382006,692;1;0;100
EE;Estonia;NO2;Nitrogen dioxide (air);2006;0;0;393011;2;0;100
EE;Estonia;NO2;Nitrogen dioxide (air);2007;0;0;393011;2;0;100
EE;Estonia;NO2;Nitrogen dioxide (air);2008;0;0;393011;2;0;100
EE;Estonia;NO2;Nitrogen dioxide (air);2009;0;0;548152,892;4;0;100
EE;Estonia;NO2;Nitrogen dioxide (air);2010;0;0;548152,892;4;0;100
EE;Estonia;NO2;Nitrogen dioxide (air);2011;0;0;548152,892;4;0;100
EE;Estonia;NO2;Nitrogen dioxide (air);2012;0;0;548152,892;4;0;100
EEA33;EEA33;NO2;Nitrogen dioxide (air);1980;0;0;70873,254;1;0;100
EEA33;EEA33;NO2;Nitrogen dioxide (air);1981;1708820,568;4;70873,254;1;96,017671516084;3,98232848391604
EEA33;EEA33;NO2;Nitrogen dioxide (air);1982;1844269,728;6;19117,266;2;98,9740582036068;1,02594179639315
EEA33;EEA33;NO2;Nitrogen dioxide (air);1983;1818424,908;7;92076,81;3;95,180490594042;4,81950940595804
EEA33;EEA33;NO2;Nitrogen dioxide (air);1984;3079547,36;15;21203,556;2;99,3161799649695;0,683820035030508
EEA33;EEA33;NO2;Nitrogen dioxide (air);1985;2751320,258;15;666865,032;4;80,4906704750344;19,5093295249656
EEA33;EEA33;NO2;Nitrogen dioxide (air);1986;8446034,1;15;216639,132;2;97,4991653708034;2,5008346291966
EEA33;EEA33;NO2;Nitrogen dioxide (air);1987;9827577,432;9;12258,312;1;99,8754215789885;0,124578421011496
EEA33;EEA33;NO2;Nitrogen dioxide (air);1988;18540069,7116667;64;4409898,53033333;18;80,7847292691982;19,2152707308018
EEA33;EEA33;NO2;Nitrogen dioxide (air);1989;18227930,0041667;74;3832401,43583333;16;82,6276343750467;17,3723656249533
EEA33;EEA33;NO2;Nitrogen dioxide (air);1990;22408834,309519;117;10181725,962481;73;68,7586654617026;31,2413345382974
EEA33;EEA33;NO2;Nitrogen dioxide (air);1991;28855449,3054667;128;8129181,92753333;59;78,0201082002949;21,9798917997051
EEA33;EEA33;NO2;Nitrogen dioxide (air);1992;24554195,6809333;148;16506045,0040667;107;59,8004182910291;40,1995817089709
EEA33;EEA33;NO2;Nitrogen dioxide (air);1993;22134237,251419;123;20040966,014581;138;52,4816374015269;47,5183625984731
EEA33;EEA33;NO2;Nitrogen dioxide (air);1994;18431421,7619667;114;22681263,2180333;159;44,8314717730865;55,1685282269135
EEA33;EEA33;NO2;Nitrogen dioxide (air);1995;20811563,9476667;130;26047809,4873334;198;44,4128088407648;55,5871911592352
EEA33;EEA33;NO2;Nitrogen dioxide (air);1996;21554190,9922857;171;27101710,1957143;236;44,2992329111389;55,7007670888611
EEA33;EEA33;NO2;Nitrogen dioxide (air);1997;21894209,7125;246;31895758,4265;227;40,7031468319941;59,2968531680059
EEA33;EEA33;NO2;Nitrogen dioxide (air);1998;18374753,4400905;227;45186248,9709095;280;28,9088477888928;71,0911522111072
EEA33;EEA33;NO2;Nitrogen dioxide (air);1999;21129799,6503481;288;64144160,4916519;505;24,7787244959215;75,2212755040785
EEA33;EEA33;NO2;Nitrogen dioxide (air);2000;18832433,2599476;258;69811885,1780524;549;21,2449411217702;78,7550588782298
EEA33;EEA33;NO2;Nitrogen dioxide (air);2001;17407115,9659405;301;78021011,5430595;638;18,241074639444;81,758925360556
EEA33;EEA33;NO2;Nitrogen dioxide (air);2002;19775271,8152333;264;75783571,9527667;621;20,6943397758602;79,3056602241398
EEA33;EEA33;NO2;Nitrogen dioxide (air);2003;28014365,9840809;369;75447033,338919;603;27,077118778011;72,922881221989
EEA33;EEA33;NO2;Nitrogen dioxide (air);2004;20938646,4603203;299;86661275,9906797;710;19,4597226311716;80,5402773688284
EEA33;EEA33;NO2;Nitrogen dioxide (air);2005;23262333,6251191;359;92521873,2738809;747;20,0911110834064;79,9088889165936
EEA33;EEA33;NO2;Nitrogen dioxide (air);2006;20919947,0861525;384;98470777,8958476;796;17,5222548395669;82,4777451604331
EEA33;EEA33;NO2;Nitrogen dioxide (air);2007;22563118,0034357;361;94960751,8145643;820;19,1987534433451;80,8012465566549
EEA33;EEA33;NO2;Nitrogen dioxide (air);2008;14466329,9150917;321;109339684,495908;903;11,6846745967184;88,3153254032816
EEA33;EEA33;NO2;Nitrogen dioxide (air);2009;18339216,0073667;343;106227680,842633;917;14,7223832905224;85,2776167094776
EEA33;EEA33;NO2;Nitrogen dioxide (air);2010;16649723,8622381;314;108235249,453762;929;13,3320474194352;86,6679525805648
EEA33;EEA33;NO2;Nitrogen dioxide (air);2011;15363045,4548238;287;111260166,121176;923;12,1328824815052;87,8671175184948
EEA33;EEA33;NO2;Nitrogen dioxide (air);2012;9633960,89511508;259;113069406,182885;955;7,85142341610803;92,148576583892
ES;Spain;NO2;Nitrogen dioxide (air);1991;3201224,821;5;0;0;100;0
ES;Spain;NO2;Nitrogen dioxide (air);1992;3158886,9105;4;42337,9105;1;98,6774465129014;1,32255348709856
ES;Spain;NO2;Nitrogen dioxide (air);1993;3201224,821;7;0;0;100;0
ES;Spain;NO2;Nitrogen dioxide (air);1995;3116549;6;0;0;100;0
ES;Spain;NO2;Nitrogen dioxide (air);1996;3201224,821;8;0;0;100;0
ES;Spain;NO2;Nitrogen dioxide (air);1997;2041274,842;35;2174827,433;13;48,4161604452539;51,5838395547461
ES;Spain;NO2;Nitrogen dioxide (air);1998;2699560,4535;33;2361445,6815;13;53,3403908529346;46,6596091470654
ES;Spain;NO2;Nitrogen dioxide (air);1999;1987178,33383333;33;2665026,62816667;22;42,7147632158287;57,2852367841713
ES;Spain;NO2;Nitrogen dioxide (air);2000;1979577,8865;31;3546585,3145;31;35,8219222722518;64,1780777277482
ES;Spain;NO2;Nitrogen dioxide (air);2001;543657,441916667;43;5609336,82208333;40;8,83565656963965;91,1643434303603
ES;Spain;NO2;Nitrogen dioxide (air);2002;3409961,26591667;36;3700072,05208333;43;47,9598493200291;52,0401506799709
ES;Spain;NO2;Nitrogen dioxide (air);2003;2756311,03;39;4481950,75;47;38,0797367348049;61,9202632651951
ES;Spain;NO2;Nitrogen dioxide (air);2004;2919880,82225;32;4178621,55375;50;41,1337584688582;58,8662415311418
ES;Spain;NO2;Nitrogen dioxide (air);2005;4140680,44308333;58;7177575,48191667;73;36,5840856623264;63,4159143376736
ES;Spain;NO2;Nitrogen dioxide (air);2006;2939046,27516667;34;8488637,01083333;79;25,7186535679308;74,2813464320692
ES;Spain;NO2;Nitrogen dioxide (air);2007;4212470,17566667;41;8499528,08233333;83;33,1377497870223;66,8622502129778
ES;Spain;NO2;Nitrogen dioxide (air);2008;2153446,24833333;27;10934590,3696667;98;16,4535469389786;83,5464530610214
ES;Spain;NO2;Nitrogen dioxide (air);2009;3515968,6009;42;9945456,9211;103;26,11884302412;73,8811569758801
ES;Spain;NO2;Nitrogen dioxide (air);2010;3044976,1492381;36;10685874,3207619;111;22,1761656780907;77,8238343219093
ES;Spain;NO2;Nitrogen dioxide (air);2011;2256894,65545;29;12535561,62455;128;15,2570649034225;84,7429350965775
ES;Spain;NO2;Nitrogen dioxide (air);2012;1198540,32537222;24;11920954,5786278;120;9,13556759724644;90,8644324027536
EU28;EU28;NO2;Nitrogen dioxide (air);1980;0;0;70873,254;1;0;100
EU28;EU28;NO2;Nitrogen dioxide (air);1981;1708820,568;4;70873,254;1;96,017671516084;3,98232848391604
EU28;EU28;NO2;Nitrogen dioxide (air);1982;1844269,728;6;19117,266;2;98,9740582036068;1,02594179639315
EU28;EU28;NO2;Nitrogen dioxide (air);1983;1818424,908;7;92076,81;3;95,180490594042;4,81950940595804
EU28;EU28;NO2;Nitrogen dioxide (air);1984;3079547,36;15;21203,556;2;99,3161799649695;0,683820035030508
EU28;EU28;NO2;Nitrogen dioxide (air);1985;2751320,258;15;666865,032;4;80,4906704750344;19,5093295249656
EU28;EU28;NO2;Nitrogen dioxide (air);1986;8446034,1;15;216639,132;2;97,4991653708034;2,5008346291966
EU28;EU28;NO2;Nitrogen dioxide (air);1987;9827577,432;9;12258,312;1;99,8754215789885;0,124578421011496
EU28;EU28;NO2;Nitrogen dioxide (air);1988;18540069,7116667;64;4409898,53033333;18;80,7847292691982;19,2152707308018
EU28;EU28;NO2;Nitrogen dioxide (air);1989;18227930,0041667;74;3832401,43583333;16;82,6276343750467;17,3723656249533
EU28;EU28;NO2;Nitrogen dioxide (air);1990;22408834,309519;117;10181725,962481;73;68,7586654617026;31,2413345382974
EU28;EU28;NO2;Nitrogen dioxide (air);1991;28682405,3054667;125;8129181,92753333;59;77,9167850707457;22,0832149292543
EU28;EU28;NO2;Nitrogen dioxide (air);1992;23810536,6809333;133;16417590,5040667;106;59,1887774726228;40,8112225273772
EU28;EU28;NO2;Nitrogen dioxide (air);1993;21394000,251419;109;19842958,364581;135;51,8806453469101;48,1193546530899
EU28;EU28;NO2;Nitrogen dioxide (air);1994;17691184,7619667;100;22483255,5680333;156;44,0359208906163;55,9640791093837
EU28;EU28;NO2;Nitrogen dioxide (air);1995;20393147,0476667;117;25527981,7373334;194;44,4090717872946;55,5909282127054
EU28;EU28;NO2;Nitrogen dioxide (air);1996;21135774,0922857;158;26581882,4457143;232;44,2934033767023;55,7065966232977
EU28;EU28;NO2;Nitrogen dioxide (air);1997;21318364,5125;233;31696408,1765;223;40,2121209451556;59,7878790548444
EU28;EU28;NO2;Nitrogen dioxide (air);1998;18118417,2400905;216;44507698,0709095;275;28,931089131291;71,068910868709
EU28;EU28;NO2;Nitrogen dioxide (air);1999;20919668,4503481;279;63355611,1416519;497;24,8230187447921;75,1769812552079
EU28;EU28;NO2;Nitrogen dioxide (air);2000;18795162,8099476;251;68850475,0780524;539;21,444493146328;78,555506853672
EU28;EU28;NO2;Nitrogen dioxide (air);2001;17381602,5159405;297;77046501,8430595;624;18,4072344075218;81,5927655924782
EU28;EU28;NO2;Nitrogen dioxide (air);2002;19745432,2652333;259;74814730,9527667;609;20,8813432562632;79,1186567437368
EU28;EU28;NO2;Nitrogen dioxide (air);2003;27794786,0630809;358;74226314,6339191;591;27,2441542712137;72,7558457287863
EU28;EU28;NO2;Nitrogen dioxide (air);2004;20903161,0813203;292;85256462,7436797;693;19,6903119360882;80,3096880639118
EU28;EU28;NO2;Nitrogen dioxide (air);2005;23229731,3461191;352;91180280,6268809;733;20,3039322743898;79,6960677256102
EU28;EU28;NO2;Nitrogen dioxide (air);2006;20875768,3601525;375;96918139,1968476;781;17,7222819015922;82,2777180984078
EU28;EU28;NO2;Nitrogen dioxide (air);2007;22520827,3394357;349;93551504,5345643;806;19,4024079432493;80,5975920567507
EU28;EU28;NO2;Nitrogen dioxide (air);2008;14423945,0260917;313;108047229,652908;888;11,7774203308633;88,2225796691367
EU28;EU28;NO2;Nitrogen dioxide (air);2009;18309501,7583667;334;104290039,435633;898;14,9343966380706;85,0656033619294
EU28;EU28;NO2;Nitrogen dioxide (air);2010;16094052,6549048;303;106668112,145095;909;13,1099453004308;86,8900546995692
EU28;EU28;NO2;Nitrogen dioxide (air);2011;14807338,8611571;276;109871649,039843;904;11,8763707585714;88,1236292414286
EU28;EU28;NO2;Nitrogen dioxide (air);2012;9595880,68931508;250;111052127,663685;934;7,95361715482183;92,0463828451782
FI;Finland;NO2;Nitrogen dioxide (air);1990;10318,425;1;10318,425;1;50;50
FI;Finland;NO2;Nitrogen dioxide (air);1991;10318,425;1;10318,425;1;50;50
FI;Finland;NO2;Nitrogen dioxide (air);1992;10318,425;1;10318,425;1;50;50
FI;Finland;NO2;Nitrogen dioxide (air);1993;10318,425;1;10318,425;1;50;50
FI;Finland;NO2;Nitrogen dioxide (air);1994;10318,425;1;14990,411;2;40,7700496379999;59,2299503620001
FI;Finland;NO2;Nitrogen dioxide (air);1995;0;0;25308,836;3;0;100
FI;Finland;NO2;Nitrogen dioxide (air);1996;10318,425;1;14990,411;2;40,7700496379999;59,2299503620001
FI;Finland;NO2;Nitrogen dioxide (air);1997;0;0;41062,762;5;0;100
FI;Finland;NO2;Nitrogen dioxide (air);1998;0;0;41062,762;5;0;100
FI;Finland;NO2;Nitrogen dioxide (air);1999;0;0;563500,912;6;0;100
FI;Finland;NO2;Nitrogen dioxide (air);2000;0;0;667040,232;9;0;100
FI;Finland;NO2;Nitrogen dioxide (air);2001;0;0;764440,644;11;0;100
FI;Finland;NO2;Nitrogen dioxide (air);2002;0;0;764440,644;11;0;100
FI;Finland;NO2;Nitrogen dioxide (air);2003;6878,95;1;757561,694;12;0,899867119048683;99,1001328809513
FI;Finland;NO2;Nitrogen dioxide (air);2004;0;0;764440,644;14;0;100
FI;Finland;NO2;Nitrogen dioxide (air);2005;13757,9;2;750682,744;10;1,79973423809737;98,2002657619026
FI;Finland;NO2;Nitrogen dioxide (air);2006;13757,9;2;868957,758;11;1,5585879637812;98,4414120362188
FI;Finland;NO2;Nitrogen dioxide (air);2007;10318,425;1;872397,233;11;1,1689409728359;98,8310590271641
FI;Finland;NO2;Nitrogen dioxide (air);2008;10318,425;1;872397,233;11;1,1689409728359;98,8310590271641
FI;Finland;NO2;Nitrogen dioxide (air);2009;13757,9;2;1186036,806;14;1,14668784011121;98,8533121598888
FI;Finland;NO2;Nitrogen dioxide (air);2010;13757,9;2;1194259,436;16;1,13888266252497;98,861117337475
FI;Finland;NO2;Nitrogen dioxide (air);2011;6878,95;1;1201138,386;18;0,569441331262484;99,4305586687375
FI;Finland;NO2;Nitrogen dioxide (air);2012;0;0;1208017,336;18;0;100
FR;France;NO2;Nitrogen dioxide (air);1982;64575,906;1;19117,266;2;77,157914387568;22,842085612432
FR;France;NO2;Nitrogen dioxide (air);1983;64575,906;1;8945,244;1;87,8331010872382;12,1668989127618
FR;France;NO2;Nitrogen dioxide (air);1984;0;0;8945,244;1;0;100
FR;France;NO2;Nitrogen dioxide (air);1985;64575,906;1;0;0;100;0
FR;France;NO2;Nitrogen dioxide (air);1999;4007032,90918254;57;13840451,6288175;156;22,4515275564518;77,5484724435482
FR;France;NO2;Nitrogen dioxide (air);2000;4539144,97631428;64;14514655,1116857;186;23,8227805233089;76,1772194766911
FR;France;NO2;Nitrogen dioxide (air);2001;4166695,1453;63;15651641,9347;200;21,0244438192793;78,9755561807207
FR;France;NO2;Nitrogen dioxide (air);2002;4756231,82685;65;15292618,85915;207;23,7232143694464;76,2767856305536
FR;France;NO2;Nitrogen dioxide (air);2003;5870301,01073334;81;15614855,7712667;207;27,3225886610769;72,6774113389231
FR;France;NO2;Nitrogen dioxide (air);2004;3156691,78149524;50;18405771,9045048;241;14,6397546563513;85,3602453436487
FR;France;NO2;Nitrogen dioxide (air);2005;2175187,84820952;51;19369788,3817905;232;10,0960327130958;89,9039672869042
FR;France;NO2;Nitrogen dioxide (air);2006;1838219,68869048;47;19588983,7113095;239;8,57890623603486;91,4210937639651
FR;France;NO2;Nitrogen dioxide (air);2007;1851165,71530476;45;19771906,8966952;234;8,5610669145949;91,4389330854051
FR;France;NO2;Nitrogen dioxide (air);2008;773489,997333333;37;20689929,8726667;236;3,60375933573596;96,396240664264
FR;France;NO2;Nitrogen dioxide (air);2009;1752108,471;47;19654915,449;213;8,18473636292364;91,8152636370764
FR;France;NO2;Nitrogen dioxide (air);2010;1157671,66266667;39;20225723,9393333;216;5,41388133210419;94,5861186678958
FR;France;NO2;Nitrogen dioxide (air);2011;830604,081285714;41;20579310,4987143;204;3,87953010359799;96,120469896402
FR;France;NO2;Nitrogen dioxide (air);2012;839862,3937;35;20182543,2523;195;3,99508223674584;96,0049177632542
GB;United Kingdom;NO2;Nitrogen dioxide (air);1980;0;0;70873,254;1;0;100
GB;United Kingdom;NO2;Nitrogen dioxide (air);1981;0;0;70873,254;1;0;100
GB;United Kingdom;NO2;Nitrogen dioxide (air);1982;70873,254;1;0;0;100;0
GB;United Kingdom;NO2;Nitrogen dioxide (air);1983;0;0;70873,254;1;0;100
GB;United Kingdom;NO2;Nitrogen dioxide (air);1984;70873,254;1;0;0;100;0
GB;United Kingdom;NO2;Nitrogen dioxide (air);1986;7008681,588;1;0;0;100;0
GB;United Kingdom;NO2;Nitrogen dioxide (air);1987;7975514,592;3;0;0;100;0
GB;United Kingdom;NO2;Nitrogen dioxide (air);1988;8284004,52;6;0;0;100;0
GB;United Kingdom;NO2;Nitrogen dioxide (air);1989;8715536,932;7;0;0;100;0
GB;United Kingdom;NO2;Nitrogen dioxide (air);1990;8715536,932;6;0;0;100;0
GB;United Kingdom;NO2;Nitrogen dioxide (air);1991;8715536,932;7;0;0;100;0
GB;United Kingdom;NO2;Nitrogen dioxide (air);1992;8715536,932;8;0;0;100;0
GB;United Kingdom;NO2;Nitrogen dioxide (air);1993;11526149,362;13;70873,254;2;99,3888668122263;0,61113318777372
GB;United Kingdom;NO2;Nitrogen dioxide (air);1994;12300817,192;17;735006,804;2;94,3616390937348;5,63836090626518
GB;United Kingdom;NO2;Nitrogen dioxide (air);1995;12516694,39;18;517389,732;2;96,0304864756342;3,96951352436576
GB;United Kingdom;NO2;Nitrogen dioxide (air);1996;12275350,836;20;1251402,726;4;90,7486839302263;9,25131606977375
GB;United Kingdom;NO2;Nitrogen dioxide (air);1997;9981328,242;29;4672166,768;13;68,1156832222513;31,8843167777487
GB;United Kingdom;NO2;Nitrogen dioxide (air);1998;8248395,58685714;30;8416916,89314286;30;49,4943950001299;50,5056049998701
GB;United Kingdom;NO2;Nitrogen dioxide (air);1999;7406137,79838462;31;9424663,42961538;33;44,0034773036452;55,9965226963548
GB;United Kingdom;NO2;Nitrogen dioxide (air);2000;5376014,3368;25;11908601,8692;41;31,1028852057116;68,8971147942884
GB;United Kingdom;NO2;Nitrogen dioxide (air);2001;6295124,297;27;12148289,423;46;34,1320993638698;65,8679006361302
GB;United Kingdom;NO2;Nitrogen dioxide (air);2002;5495781,723;23;12670809,725;50;30,2521347426737;69,7478652573263
GB;United Kingdom;NO2;Nitrogen dioxide (air);2003;5815770,5358;25;12177362,9162;43;32,3221664048379;67,6778335951621
GB;United Kingdom;NO2;Nitrogen dioxide (air);2004;5446368,21438461;26;13151828,2936154;50;29,2843890107402;70,7156109892598
GB;United Kingdom;NO2;Nitrogen dioxide (air);2005;5782372,08638462;27;10806448,3616154;40;34,8570418524348;65,1429581475652
GB;United Kingdom;NO2;Nitrogen dioxide (air);2006;5537851,78838462;24;11513187,9056154;46;32,4780886548126;67,5219113451873
GB;United Kingdom;NO2;Nitrogen dioxide (air);2007;4027771,7182;13;8416995,6918;16;32,36518277524;67,63481722476
GB;United Kingdom;NO2;Nitrogen dioxide (air);2008;2918283,6596;16;14834639,0964;52;16,4383279289248;83,5616720710752
GB;United Kingdom;NO2;Nitrogen dioxide (air);2009;4220038,8895;18;13262082,1645;49;24,1391698207835;75,8608301792165
GB;United Kingdom;NO2;Nitrogen dioxide (air);2010;4494755,2335;19;12805859,5885;47;25,9803208137108;74,0196791862892
GB;United Kingdom;NO2;Nitrogen dioxide (air);2011;4034582,30057143;14;13332825,9294286;52;23,2307679254191;76,769232074581
GB;United Kingdom;NO2;Nitrogen dioxide (air);2012;3053539,93571429;16;13124386,1042857;50;18,8747304701752;81,1252695298248
GR;Greece;NO2;Nitrogen dioxide (air);1984;30037,28;1;0;0;100;0
GR;Greece;NO2;Nitrogen dioxide (air);1985;30037,28;1;0;0;100;0
GR;Greece;NO2;Nitrogen dioxide (air);1986;30037,28;1;0;0;100;0
GR;Greece;NO2;Nitrogen dioxide (air);1987;30037,28;1;0;0;100;0
GR;Greece;NO2;Nitrogen dioxide (air);1988;30037,28;2;0;0;100;0
GR;Greece;NO2;Nitrogen dioxide (air);1989;30037,28;2;0;0;100;0
GR;Greece;NO2;Nitrogen dioxide (air);1990;30037,28;2;0;0;100;0
GR;Greece;NO2;Nitrogen dioxide (air);1991;30037,28;1;0;0;100;0
GR;Greece;NO2;Nitrogen dioxide (air);1992;30037,28;2;0;0;100;0
GR;Greece;NO2;Nitrogen dioxide (air);1993;30037,28;2;0;0;100;0
GR;Greece;NO2;Nitrogen dioxide (air);1994;30037,28;3;0;0;100;0
GR;Greece;NO2;Nitrogen dioxide (air);1995;30037,28;3;0;0;100;0
GR;Greece;NO2;Nitrogen dioxide (air);1996;30037,28;3;0;0;100;0
GR;Greece;NO2;Nitrogen dioxide (air);1997;30037,28;2;0;0;100;0
GR;Greece;NO2;Nitrogen dioxide (air);1998;30037,28;2;0;0;100;0
GR;Greece;NO2;Nitrogen dioxide (air);1999;30037,28;3;0;0;100;0
GR;Greece;NO2;Nitrogen dioxide (air);2000;30037,28;1;0;0;100;0
GR;Greece;NO2;Nitrogen dioxide (air);2001;49639,72;7;0;0;100;0
GR;Greece;NO2;Nitrogen dioxide (air);2002;49639,72;8;3185,28;1;93,970127780407;6,029872219593
GR;Greece;NO2;Nitrogen dioxide (air);2003;49639,72;4;3185,28;1;93,970127780407;6,029872219593
GR;Greece;NO2;Nitrogen dioxide (air);2004;37205,84;5;3185,28;1;92,1139101861993;7,88608981380066
GR;Greece;NO2;Nitrogen dioxide (air);2005;30037,28;3;0;0;100;0
GR;Greece;NO2;Nitrogen dioxide (air);2006;30037,28;4;3185,28;1;90,4122981492095;9,58770185079055
GR;Greece;NO2;Nitrogen dioxide (air);2007;43422,78;6;6216,94;1;87,4758761733547;12,5241238266453
GR;Greece;NO2;Nitrogen dioxide (air);2008;42130,4;6;7509,32;1;84,8723562501964;15,1276437498036
GR;Greece;NO2;Nitrogen dioxide (air);2009;26112,24;4;11093,6;2;70,1831755444844;29,8168244555156
GR;Greece;NO2;Nitrogen dioxide (air);2010;30037,28;3;19602,44;3;60,5105749992143;39,4894250007857
GR;Greece;NO2;Nitrogen dioxide (air);2011;20024,8533333333;2;35119,6266666667;5;36,3134321573679;63,6865678426321
GR;Greece;NO2;Nitrogen dioxide (air);2012;30037,28;3;12433,88;2;70,7239453784639;29,2760546215361
HR;Croatia;NO2;Nitrogen dioxide (air);2006;10590,956;1;31681,684;4;25,0539261328367;74,9460738671633
HR;Croatia;NO2;Nitrogen dioxide (air);2008;0;0;42272,64;5;0;100
HR;Croatia;NO2;Nitrogen dioxide (air);2009;0;0;42272,64;4;0;100
HR;Croatia;NO2;Nitrogen dioxide (air);2010;0;0;42272,64;4;0;100
HR;Croatia;NO2;Nitrogen dioxide (air);2011;0;0;10499,772;2;0;100
HR;Croatia;NO2;Nitrogen dioxide (air);2012;10590,956;1;31681,684;4;25,0539261328367;74,9460738671633
HU;Hungary;NO2;Nitrogen dioxide (air);1997;1135414,26483333;5;557759,735166667;2;67,0583333333333;32,9416666666667
HU;Hungary;NO2;Nitrogen dioxide (air);1999;0;0;7664,055;1;0;100
HU;Hungary;NO2;Nitrogen dioxide (air);2000;0;0;7664,055;1;0;100
HU;Hungary;NO2;Nitrogen dioxide (air);2001;0;0;7664,055;1;0;100
HU;Hungary;NO2;Nitrogen dioxide (air);2003;1742043,822;3;176780,915;5;90,7870212640478;9,21297873595216
HU;Hungary;NO2;Nitrogen dioxide (air);2004;85616,281;2;2107592,27;8;3,90369994504002;96,09630005496
HU;Hungary;NO2;Nitrogen dioxide (air);2005;93818,862;4;2099389,689;9;4,2776990796075;95,7223009203925
HU;Hungary;NO2;Nitrogen dioxide (air);2006;93818,862;4;2099389,689;9;4,2776990796075;95,7223009203925
HU;Hungary;NO2;Nitrogen dioxide (air);2007;86884,012;2;2106324,539;10;3,96150251923763;96,0384974807624
HU;Hungary;NO2;Nitrogen dioxide (air);2008;39789,589;1;2153418,962;12;1,81421821385193;98,1857817861481
HU;Hungary;NO2;Nitrogen dioxide (air);2009;0;0;2045091,385;12;0;100
HU;Hungary;NO2;Nitrogen dioxide (air);2010;47094,423;2;2146114,128;11;2,14728430538569;97,8527156946143
HU;Hungary;NO2;Nitrogen dioxide (air);2011;86884,012;3;2098660,484;9;3,97539433120743;96,0246056687926
HU;Hungary;NO2;Nitrogen dioxide (air);2012;7304,834;1;2333640,607;10;0,312046315649268;99,6879536843507
IE;Ireland;NO2;Nitrogen dioxide (air);1997;24312,33;1;471857,67;1;4,9;95,1
IE;Ireland;NO2;Nitrogen dioxide (air);1999;24312,33;1;477410,35;2;4,84577057588866;95,1542294241113
IE;Ireland;NO2;Nitrogen dioxide (air);2000;0;0;477410,35;2;0;100
IE;Ireland;NO2;Nitrogen dioxide (air);2001;0;0;501722,68;4;0;100
IE;Ireland;NO2;Nitrogen dioxide (air);2002;0;0;501722,68;4;0;100
IE;Ireland;NO2;Nitrogen dioxide (air);2003;0;0;501722,68;5;0;100
IE;Ireland;NO2;Nitrogen dioxide (air);2004;0;0;501722,68;3;0;100
IE;Ireland;NO2;Nitrogen dioxide (air);2005;0;0;501722,68;4;0;100
IE;Ireland;NO2;Nitrogen dioxide (air);2006;0;0;551006,353;6;0;100
IE;Ireland;NO2;Nitrogen dioxide (air);2007;0;0;553187,098;6;0;100
IE;Ireland;NO2;Nitrogen dioxide (air);2008;0;0;551006,353;5;0;100
IE;Ireland;NO2;Nitrogen dioxide (air);2009;12156,165;1;533297,508;5;2,22863381469979;97,7713661853002
IE;Ireland;NO2;Nitrogen dioxide (air);2010;0;0;551006,353;6;0;100
IE;Ireland;NO2;Nitrogen dioxide (air);2011;0;0;551006,353;6;0;100
IE;Ireland;NO2;Nitrogen dioxide (air);2012;0;0;501722,68;3;0;100
IS;Iceland;NO2;Nitrogen dioxide (air);1997;0;0;1342,6;1;0;100
IS;Iceland;NO2;Nitrogen dioxide (air);2001;0;0;1342,6;1;0;100
IS;Iceland;NO2;Nitrogen dioxide (air);2003;0;0;191800;2;0;100
IS;Iceland;NO2;Nitrogen dioxide (air);2004;0;0;191800;2;0;100
IS;Iceland;NO2;Nitrogen dioxide (air);2005;0;0;191800;2;0;100
IS;Iceland;NO2;Nitrogen dioxide (air);2006;0;0;191800;2;0;100
IS;Iceland;NO2;Nitrogen dioxide (air);2007;0;0;191800;2;0;100
IS;Iceland;NO2;Nitrogen dioxide (air);2008;0;0;191800;2;0;100
IS;Iceland;NO2;Nitrogen dioxide (air);2009;0;0;191800;3;0;100
IS;Iceland;NO2;Nitrogen dioxide (air);2010;0;0;191800;3;0;100
IS;Iceland;NO2;Nitrogen dioxide (air);2011;0;0;191800;4;0;100
IS;Iceland;NO2;Nitrogen dioxide (air);2012;0;0;191800;3;0;100
IT;Italy;NO2;Nitrogen dioxide (air);1998;2251751,79533333;38;3799102,49566667;14;37,2137831625292;62,7862168374708
IT;Italy;NO2;Nitrogen dioxide (air);1999;3503958,09283333;44;4058167,93916667;23;46,3356214642011;53,6643785357989
IT;Italy;NO2;Nitrogen dioxide (air);2000;4443450,52833333;47;3057070,83666667;14;59,2418888247955;40,7581111752045
IT;Italy;NO2;Nitrogen dioxide (air);2001;4155629,17433333;61;4115471,10566667;26;50,242761345572;49,757238654428
IT;Italy;NO2;Nitrogen dioxide (air);2002;4333958,14333333;39;2947336,37666667;21;59,5218079893482;40,4781920106518
IT;Italy;NO2;Nitrogen dioxide (air);2003;6431513,71933333;80;4340893,83366667;31;59,7035870365137;40,2964129634863
IT;Italy;NO2;Nitrogen dioxide (air);2004;5559981,742;72;4723224,113;39;54,0685640295392;45,9314359704608
IT;Italy;NO2;Nitrogen dioxide (air);2005;6158722,96520833;82;4168452,21879167;42;59,6360849455726;40,3639150544274
IT;Italy;NO2;Nitrogen dioxide (air);2006;7108721,10895833;103;5133739,76404167;57;58,0661125463442;41,9338874536558
IT;Italy;NO2;Nitrogen dioxide (air);2007;7674257,95641666;99;5225411,50558333;79;59,4918961220176;40,5081038779824
IT;Italy;NO2;Nitrogen dioxide (air);2008;6018684,95954167;95;6377390,20445833;90;48,5531499278159;51,4468500721841
IT;Italy;NO2;Nitrogen dioxide (air);2009;5705695,82266666;91;6865417,17433333;93;45,3873561078346;54,6126438921654
IT;Italy;NO2;Nitrogen dioxide (air);2010;5148171,19775;69;7313735,30725;106;41,3112648187854;58,6887351812146
IT;Italy;NO2;Nitrogen dioxide (air);2011;5445885,20456667;66;6367097,60943333;86;46,1008476039815;53,8991523960185
IT;Italy;NO2;Nitrogen dioxide (air);2012;2825782,77409524;62;8366960,28390476;108;25,2465616288361;74,753438371164
LT;Lithuania;NO2;Nitrogen dioxide (air);1997;0;0;12304,701;1;0;100
LT;Lithuania;NO2;Nitrogen dioxide (air);1998;0;0;534987;3;0;100
LT;Lithuania;NO2;Nitrogen dioxide (air);1999;0;0;534987;3;0;100
LT;Lithuania;NO2;Nitrogen dioxide (air);2003;6152,3505;1;528834,6495;2;1,15;98,85
LT;Lithuania;NO2;Nitrogen dioxide (air);2004;0;0;542080,798;6;0;100
LT;Lithuania;NO2;Nitrogen dioxide (air);2005;0;0;541874,833;6;0;100
LT;Lithuania;NO2;Nitrogen dioxide (air);2006;0;0;661916,78;9;0;100
LT;Lithuania;NO2;Nitrogen dioxide (air);2007;0;0;661916,78;8;0;100
LT;Lithuania;NO2;Nitrogen dioxide (air);2008;0;0;661916,78;8;0;100
LT;Lithuania;NO2;Nitrogen dioxide (air);2009;0;0;661916,78;8;0;100
LT;Lithuania;NO2;Nitrogen dioxide (air);2010;0;0;139234,481;5;0;100
LT;Lithuania;NO2;Nitrogen dioxide (air);2011;0;0;661916,78;6;0;100
LT;Lithuania;NO2;Nitrogen dioxide (air);2012;0;0;661916,78;8;0;100
LU;Luxembourg;NO2;Nitrogen dioxide (air);2004;7705,789;1;76973,211;1;9,1;90,9
LU;Luxembourg;NO2;Nitrogen dioxide (air);2005;84679;2;0;0;100;0
LU;Luxembourg;NO2;Nitrogen dioxide (air);2006;7705,789;1;0;0;100;0
LU;Luxembourg;NO2;Nitrogen dioxide (air);2007;7705,789;1;76973,211;1;9,1;90,9
LU;Luxembourg;NO2;Nitrogen dioxide (air);2008;7705,789;1;76973,211;1;9,1;90,9
LU;Luxembourg;NO2;Nitrogen dioxide (air);2009;7705,789;1;76973,211;1;9,1;90,9
LU;Luxembourg;NO2;Nitrogen dioxide (air);2010;7705,789;1;76973,211;1;9,1;90,9
LU;Luxembourg;NO2;Nitrogen dioxide (air);2011;7705,789;1;76973,211;1;9,1;90,9
LU;Luxembourg;NO2;Nitrogen dioxide (air);2012;0;0;76973,211;1;0;100
LV;Latvia;NO2;Nitrogen dioxide (air);1999;0;0;698514,934;1;0;100
LV;Latvia;NO2;Nitrogen dioxide (air);2000;0;0;701774,688;2;0;100
LV;Latvia;NO2;Nitrogen dioxide (air);2001;27592,066;1;698514,934;2;3,8;96,2
LV;Latvia;NO2;Nitrogen dioxide (air);2002;0;0;701774,688;3;0;100
LV;Latvia;NO2;Nitrogen dioxide (air);2003;0;0;698514,934;2;0;100
LV;Latvia;NO2;Nitrogen dioxide (air);2004;0;0;698514,934;3;0;100
LV;Latvia;NO2;Nitrogen dioxide (air);2005;0;0;698514,934;3;0;100
LV;Latvia;NO2;Nitrogen dioxide (air);2006;0;0;698514,934;2;0;100
LV;Latvia;NO2;Nitrogen dioxide (air);2007;27592,066;1;698514,934;1;3,8;96,2
LV;Latvia;NO2;Nitrogen dioxide (air);2008;27592,066;1;701774,688;4;3,78301668518332;96,2169833148167
LV;Latvia;NO2;Nitrogen dioxide (air);2009;0;0;729366,754;5;0;100
LV;Latvia;NO2;Nitrogen dioxide (air);2010;27592,066;1;701774,688;3;3,78301668518332;96,2169833148167
LV;Latvia;NO2;Nitrogen dioxide (air);2011;27592,066;1;701774,688;4;3,78301668518332;96,2169833148167
LV;Latvia;NO2;Nitrogen dioxide (air);2012;27592,066;1;701774,688;4;3,78301668518332;96,2169833148167
MT;Malta;NO2;Nitrogen dioxide (air);2007;9793,15;1;0;0;100;0
MT;Malta;NO2;Nitrogen dioxide (air);2010;0;0;9793,15;1;0;100
MT;Malta;NO2;Nitrogen dioxide (air);2011;0;0;9793,15;1;0;100
MT;Malta;NO2;Nitrogen dioxide (air);2012;0;0;9793,15;1;0;100
NL;Netherlands;NO2;Nitrogen dioxide (air);1981;1708820,568;4;0;0;100;0
NL;Netherlands;NO2;Nitrogen dioxide (air);1982;1708820,568;4;0;0;100;0
NL;Netherlands;NO2;Nitrogen dioxide (air);1983;1708820,568;4;0;0;100;0
NL;Netherlands;NO2;Nitrogen dioxide (air);1984;1817546,328;5;0;0;100;0
NL;Netherlands;NO2;Nitrogen dioxide (air);1985;1708820,568;3;0;0;100;0
NL;Netherlands;NO2;Nitrogen dioxide (air);1987;1822025,56;5;0;0;100;0
NL;Netherlands;NO2;Nitrogen dioxide (air);1988;2107354,56;10;0;0;100;0
NL;Netherlands;NO2;Nitrogen dioxide (air);1989;2012003,776;12;9971,392;1;99,5068489387106;0,493151061289394
NL;Netherlands;NO2;Nitrogen dioxide (air);1990;2136800,49066667;16;3323,79733333333;1;99,8446913876932;0,155308612306788
NL;Netherlands;NO2;Nitrogen dioxide (air);1991;2136800,49066667;16;3323,79733333333;1;99,8446913876932;0,155308612306788
NL;Netherlands;NO2;Nitrogen dioxide (air);1992;1563445,52;7;553880,432;3;73,840568502133;26,159431497867
NL;Netherlands;NO2;Nitrogen dioxide (air);1993;885947,813333333;12;1254176,47466667;6;41,3970262522124;58,6029737477876
NL;Netherlands;NO2;Nitrogen dioxide (air);1994;1689983,92;13;450140,368;3;78,966624951457;21,033375048543
NL;Netherlands;NO2;Nitrogen dioxide (air);1995;1586243,856;14;553880,432;3;74,1192399382741;25,8807600617259
NL;Netherlands;NO2;Nitrogen dioxide (air);1996;1675433,86133333;14;464690,426666667;4;78,2867551537892;21,7132448462108
NL;Netherlands;NO2;Nitrogen dioxide (air);1997;2133476,69333333;16;6647,59466666667;2;99,6893827753864;0,310617224613577
NL;Netherlands;NO2;Nitrogen dioxide (air);1998;1317514,01333333;13;822610,274666667;5;61,5624999314682;38,4375000685318
NL;Netherlands;NO2;Nitrogen dioxide (air);1999;1317514,01333333;12;822610,274666667;5;61,5624999314682;38,4375000685318
NL;Netherlands;NO2;Nitrogen dioxide (air);2000;606639,421333333;8;1533484,86666667;10;28,3459902181781;71,6540097818219
NL;Netherlands;NO2;Nitrogen dioxide (air);2001;614421,544;10;1525702,744;8;28,7096196910223;71,2903803089776
NL;Netherlands;NO2;Nitrogen dioxide (air);2002;15510,3786666667;2;2114642,51733333;10;0,728134524793598;99,2718654752064
NL;Netherlands;NO2;Nitrogen dioxide (air);2003;958185,656;8;1171967,24;5;44,9820131596788;55,0179868403212
NL;Netherlands;NO2;Nitrogen dioxide (air);2004;648986,856;8;1412288,096;6;31,4847301360891;68,5152698639109
NL;Netherlands;NO2;Nitrogen dioxide (air);2005;123518,944;8;2245250,536;11;5,21447718078502;94,785522819215
NL;Netherlands;NO2;Nitrogen dioxide (air);2006;374782,464;12;2201310,592;16;14,548483142994;85,451516857006
NL;Netherlands;NO2;Nitrogen dioxide (air);2007;89051,6708571429;8;2441012,90514286;20;3,51973904942507;96,4802609505749
NL;Netherlands;NO2;Nitrogen dioxide (air);2008;119799,776;12;2546239,824;18;4,49354825787284;95,5064517421272
NL;Netherlands;NO2;Nitrogen dioxide (air);2009;675914,632;10;2057560,984;21;24,727296927166;75,272703072834
NL;Netherlands;NO2;Nitrogen dioxide (air);2010;136287,04;10;2540848,808;21;5,09077789615404;94,909222103846
NL;Netherlands;NO2;Nitrogen dioxide (air);2011;108880,789333333;7;2654691,85066667;25;3,93985624829942;96,0601437517006
NL;Netherlands;NO2;Nitrogen dioxide (air);2012;86745,408;6;2682241,568;27;3,13274886273788;96,8672511372621
NO;Norway;NO2;Nitrogen dioxide (air);2003;14569,371;4;235248,705;1;5,83199231748146;94,1680076825185
NO;Norway;NO2;Nitrogen dioxide (air);2004;11231,679;3;238586,397;2;4,49594327994104;95,504056720059
NO;Norway;NO2;Nitrogen dioxide (air);2005;11231,679;3;238586,397;2;4,49594327994104;95,504056720059
NO;Norway;NO2;Nitrogen dioxide (air);2006;10013,076;3;504765,199;4;1,94512404393911;98,0548759560609
NO;Norway;NO2;Nitrogen dioxide (air);2007;20920,064;8;348578,73;2;5,66174080665606;94,3382591933439
NO;Norway;NO2;Nitrogen dioxide (air);2008;12545,339;3;240255,243;2;4,96254355933405;95,0374564406659
NO;Norway;NO2;Nitrogen dioxide (air);2009;18255,599;7;867060,907;4;2,06204209187081;97,9379579081292
NO;Norway;NO2;Nitrogen dioxide (air);2010;535743,607333333;8;505025,758666667;5;51,4757279407985;48,5242720592015
NO;Norway;NO2;Nitrogen dioxide (air);2011;530193,143666667;7;395784,831333333;5;57,2576408922325;42,7423591077675
NO;Norway;NO2;Nitrogen dioxide (air);2012;12566,7558;5;1024546,2692;8;1,21170552264542;98,7882944773546
PL;Poland;NO2;Nitrogen dioxide (air);1997;25749,22;1;0;0;100;0
PL;Poland;NO2;Nitrogen dioxide (air);1998;25749,22;1;1647895,536;1;1,53851167684715;98,4614883231528
PL;Poland;NO2;Nitrogen dioxide (air);1999;25749,22;1;1690035,354;10;1,50072569658153;98,4992743034185
PL;Poland;NO2;Nitrogen dioxide (air);2000;25749,22;1;2478542,514;14;1,02820368930707;98,9717963106929
PL;Poland;NO2;Nitrogen dioxide (air);2001;25749,22;1;4126438,05;17;0,620136287831739;99,3798637121683
PL;Poland;NO2;Nitrogen dioxide (air);2002;237670,3;2;3914516,97;15;5,72397834069753;94,2760216593025
PL;Poland;NO2;Nitrogen dioxide (air);2003;25749,22;1;3672547,494;16;0,696245379731855;99,3037546202681
PL;Poland;NO2;Nitrogen dioxide (air);2004;58000,464;1;4296624,478;18;1,33192788753379;98,6680721124662
PL;Poland;NO2;Nitrogen dioxide (air);2005;109559,05;4;9104815,576;40;1,18900147266489;98,8109985273351
PL;Poland;NO2;Nitrogen dioxide (air);2006;117848,488;5;8868168,76;46;1,31146518805347;98,6885348119465
PL;Poland;NO2;Nitrogen dioxide (air);2007;113571,22;5;9322201,282;53;1,20362397435851;98,7963760256415
PL;Poland;NO2;Nitrogen dioxide (air);2008;83749,684;2;9571063,942;54;0,867439675629426;99,1325603243706
PL;Poland;NO2;Nitrogen dioxide (air);2009;83749,684;2;9461530,98;53;0,877393624640726;99,1226063753593
PL;Poland;NO2;Nitrogen dioxide (air);2010;83749,684;2;9277998,212;48;0,894594523697693;99,1054054763023
PL;Poland;NO2;Nitrogen dioxide (air);2011;124087,114;5;8972152,81799999;46;1,36415832176402;98,635841678236
PL;Poland;NO2;Nitrogen dioxide (air);2012;128099,284;6;9952056,894;57;1,27080654047382;98,7291934595262
PT;Portugal;NO2;Nitrogen dioxide (air);1997;189015,052666667;5;363405,691333333;7;34,2157775064773;65,7842224935227
PT;Portugal;NO2;Nitrogen dioxide (air);1998;200886,404666667;6;363405,691333333;7;35,5997197356928;64,4002802643072
PT;Portugal;NO2;Nitrogen dioxide (air);1999;197460,267666667;7;534311,960333333;8;26,9838428012421;73,0161571987579
PT;Portugal;NO2;Nitrogen dioxide (air);2000;30332,056;6;779650,5;8;3,74477891842402;96,255221081576
PT;Portugal;NO2;Nitrogen dioxide (air);2001;98020,662;5;1184265,634;13;7,64421036907034;92,3557896309297
PT;Portugal;NO2;Nitrogen dioxide (air);2002;106550,541;6;1184512,691;14;8,25292970623456;91,7470702937654
PT;Portugal;NO2;Nitrogen dioxide (air);2003;30689,028;5;1296859,918;18;2,31170595197023;97,6882940480298
PT;Portugal;NO2;Nitrogen dioxide (air);2004;30154,3553333333;5;1576969,60466667;22;1,87629306038928;98,1237069396107
PT;Portugal;NO2;Nitrogen dioxide (air);2005;111439,874333333;7;1727568,38966667;24;6,05978105236689;93,9402189476331
PT;Portugal;NO2;Nitrogen dioxide (air);2006;40078,5873333333;7;1797115,89866667;21;2,18151032123952;97,8184896787605
PT;Portugal;NO2;Nitrogen dioxide (air);2007;272383,436333333;8;1508094,41566667;21;15,298333311328;84,701666688672
PT;Portugal;NO2;Nitrogen dioxide (air);2008;40600,5173333333;7;1737636,96866667;21;2,28318869965231;97,7168113003477
PT;Portugal;NO2;Nitrogen dioxide (air);2009;35711,184;5;2102846,03;27;1,66987274253024;98,3301272574698
PT;Portugal;NO2;Nitrogen dioxide (air);2010;37315,202;6;2108585,92;23;1,73890593641248;98,2610940635875
PT;Portugal;NO2;Nitrogen dioxide (air);2011;29085,01;4;2283975,586;22;1,25742533724784;98,7425746627522
PT;Portugal;NO2;Nitrogen dioxide (air);2012;28936,4173333333;4;1951736,82066667;19;1,46093847173661;98,5390615282634
RO;Romania;NO2;Nitrogen dioxide (air);2004;333211,936;3;2033401,328;3;14,0796952788481;85,9203047211519
RO;Romania;NO2;Nitrogen dioxide (air);2005;1875818;3;358495,536;2;83,95500317105;16,04499682895
RO;Romania;NO2;Nitrogen dioxide (air);2006;45019,632;2;2401051,712;7;1,84048728220578;98,1595127177942
RO;Romania;NO2;Nitrogen dioxide (air);2007;2026971,608;4;994260,56;9;67,0908919039419;32,9091080960581
RO;Romania;NO2;Nitrogen dioxide (air);2008;323323,208;5;3816073,192;16;7,8108781270622;92,1891218729378
RO;Romania;NO2;Nitrogen dioxide (air);2009;425175,776;5;2342462,12;25;15,3624062098043;84,6375937901957
RO;Romania;NO2;Nitrogen dioxide (air);2010;319407,632;3;2815515,392;24;10,1886913826819;89,811308617318
RO;Romania;NO2;Nitrogen dioxide (air);2011;6585,312;1;3675206,16;19;0,178861623480886;99,8211383765191
RO;Romania;NO2;Nitrogen dioxide (air);2012;45019,632;1;2254566,28;24;1,95772777025084;98,0422722297491
SE;Sweden;NO2;Nitrogen dioxide (air);1990;0;0;478463,028;1;0;100
SE;Sweden;NO2;Nitrogen dioxide (air);1991;0;0;478463,028;1;0;100
SE;Sweden;NO2;Nitrogen dioxide (air);1992;0;0;478463,028;1;0;100
SE;Sweden;NO2;Nitrogen dioxide (air);1993;0;0;478463,028;1;0;100
SE;Sweden;NO2;Nitrogen dioxide (air);1994;0;0;478463,028;1;0;100
SE;Sweden;NO2;Nitrogen dioxide (air);1995;0;0;478463,028;1;0;100
SE;Sweden;NO2;Nitrogen dioxide (air);1996;0;0;478463,028;1;0;100
SE;Sweden;NO2;Nitrogen dioxide (air);1997;10762,972;1;478463,028;1;2,2;97,8
SE;Sweden;NO2;Nitrogen dioxide (air);1998;27722,904;2;1501065,696;3;1,81339028823213;98,1866097117679
SE;Sweden;NO2;Nitrogen dioxide (air);1999;27722,904;2;1232409,096;2;2,2;97,8
SE;Sweden;NO2;Nitrogen dioxide (air);2000;8479,966;1;1511746,3;5;0,557809464923427;99,4421905350766
SE;Sweden;NO2;Nitrogen dioxide (air);2001;8479,966;1;1522509,272;6;0,553888021517235;99,4461119784828
SE;Sweden;NO2;Nitrogen dioxide (air);2002;8479,966;1;1509545,662;4;0,558618105227404;99,4413818947726
SE;Sweden;NO2;Nitrogen dioxide (air);2003;19242,938;2;1620386,452;6;1,17361509359136;98,8263849064086
SE;Sweden;NO2;Nitrogen dioxide (air);2004;19242,938;2;1840321,048;9;1,03480913509152;98,9651908649085
SE;Sweden;NO2;Nitrogen dioxide (air);2005;27722,904;3;1850692,872;7;1,47586622483733;98,5241337751627
SE;Sweden;NO2;Nitrogen dioxide (air);2006;21686,786;3;1973856,39;10;1,086761051368;98,913238948632
SE;Sweden;NO2;Nitrogen dioxide (air);2007;19131,9553333333;4;1978611,85866667;11;0,957678116646309;99,0423218833537
SE;Sweden;NO2;Nitrogen dioxide (air);2008;13750,4693333333;3;1983993,34466667;13;0,688299933002988;99,311700066997
SE;Sweden;NO2;Nitrogen dioxide (air);2009;16305,3;3;1872291,474;13;0,863355281787641;99,1366447182124
SE;Sweden;NO2;Nitrogen dioxide (air);2010;22059,9852;6;1855421,7688;15;1,17497734148419;98,8250226585158
SE;Sweden;NO2;Nitrogen dioxide (air);2011;5381,486;1;1872100,268;20;0,286633198353841;99,7133668016461
SE;Sweden;NO2;Nitrogen dioxide (air);2012;8773,4724;2;1868708,2816;19;0,467300008711563;99,5326999912884
SI;Slovenia;NO2;Nitrogen dioxide (air);1999;0;0;5280,485;1;0;100
SI;Slovenia;NO2;Nitrogen dioxide (air);2002;0;0;245658,098;2;0;100
SI;Slovenia;NO2;Nitrogen dioxide (air);2003;0;0;245658,098;2;0;100
SI;Slovenia;NO2;Nitrogen dioxide (air);2004;0;0;245658,098;2;0;100
SI;Slovenia;NO2;Nitrogen dioxide (air);2005;0;0;245658,098;2;0;100
SI;Slovenia;NO2;Nitrogen dioxide (air);2006;0;0;245658,098;2;0;100
SI;Slovenia;NO2;Nitrogen dioxide (air);2007;0;0;245658,098;2;0;100
SI;Slovenia;NO2;Nitrogen dioxide (air);2008;0;0;245658,098;2;0;100
SI;Slovenia;NO2;Nitrogen dioxide (air);2009;0;0;245658,098;2;0;100
SI;Slovenia;NO2;Nitrogen dioxide (air);2010;0;0;245658,098;2;0;100
SI;Slovenia;NO2;Nitrogen dioxide (air);2011;0;0;245658,098;2;0;100
SI;Slovenia;NO2;Nitrogen dioxide (air);2012;0;0;245658,098;2;0;100
SK;Slovakia;NO2;Nitrogen dioxide (air);1995;4824,138;1;0;0;100;0
SK;Slovakia;NO2;Nitrogen dioxide (air);1996;29102,547;2;490634,74;3;5,59947260431981;94,4005273956802
SK;Slovakia;NO2;Nitrogen dioxide (air);1997;75532,414;1;746426;8;9,18932305010749;90,8106769498925
SK;Slovakia;NO2;Nitrogen dioxide (air);1998;0;0;717870,143;5;0;100
SK;Slovakia;NO2;Nitrogen dioxide (air);1999;24278,409;1;717870,143;6;3,27136783256838;96,7286321674316
SK;Slovakia;NO2;Nitrogen dioxide (air);2000;24278,409;1;495458,878;5;4,67128482163336;95,3287151783666
SK;Slovakia;NO2;Nitrogen dioxide (air);2001;225107,7045;2;512216,7095;4;30,5303473241563;69,4696526758437
SK;Slovakia;NO2;Nitrogen dioxide (air);2002;24278,409;1;717870,143;6;3,27136783256838;96,7286321674316
SK;Slovakia;NO2;Nitrogen dioxide (air);2003;24278,409;1;811577,688;10;2,90461588868448;97,0953841113155
SK;Slovakia;NO2;Nitrogen dioxide (air);2004;0;0;921985,002;12;0;100
SK;Slovakia;NO2;Nitrogen dioxide (air);2005;0;0;921985,002;12;0;100
SK;Slovakia;NO2;Nitrogen dioxide (air);2006;32969,997;3;937520,304;8;3,39725157129623;96,6027484287038
SK;Slovakia;NO2;Nitrogen dioxide (air);2007;0;0;817194,256;9;0;100
SK;Slovakia;NO2;Nitrogen dioxide (air);2008;4565,586;1;741661,842;9;0,611822325029843;99,3881776749702
SK;Slovakia;NO2;Nitrogen dioxide (air);2009;28843,995;2;617810,793;7;4,46049353306574;95,5395064669343
SK;Slovakia;NO2;Nitrogen dioxide (air);2010;28843,995;2;698549,302;7;3,96539191644489;96,0346080835551
SK;Slovakia;NO2;Nitrogen dioxide (air);2011;33600,816;3;920960,567;9;3,52002674719558;96,4799732528044
SK;Slovakia;NO2;Nitrogen dioxide (air);2012;4565,586;1;949995,797;10;0,478291504486726;99,5217084955133