O3 measurements at country level;;;;;;;;;;
O3: percentage of population and exceedances. Results are shown at country level  (including EU28 and EEA33 aggregates).;;;;;;;;;;
;;;;;;;;;;
tot_pop_exc: sum of total population assigned to each stations for stations having above_TV?=1;;;;;;;;;;
nb_of_station_exc: count of stations having above_TV?=1;;;;;;;;;;
tot_pop_no_exc: sum of total population assigned to each stations for stations having above_TV?=0;;;;;;;;;;
nb_of_station_no_exc: count of stations having above_TV?=0;;;;;;;;;;
percentage_pop_exc=(tot_pop_exc)/(tot_pop_exc+tot_pop_no_exc)*100;;;;;;;;;;
percentage_pop_no_exc=(tot_pop_no_exc)/(tot_pop_exc+tot_pop_no_exc)*100;;;;;;;;;;
Note: one station (station_european_code) can be counted several times if the same station shows several concentration statistics for the same year (distinct measurements recorded under different measurement_european_group_code);;;;;;;;;;
;;;;;;;;;;
country_iso_code;country_name;component_caption;component_name;statistics_year;tot_pop_exc;nb_of_station_exc;tot_pop_no_exc;nb_of_station_no_exc;percentage_pop_exc;percentage_pop_no_exc
AT;Austria;O3;Ozone (air);1986;0;0;173851,704;1;0;100
AT;Austria;O3;Ozone (air);1987;0;0;173851,704;1;0;100
AT;Austria;O3;Ozone (air);1988;0;0;173851,704;1;0;100
AT;Austria;O3;Ozone (air);1989;7085,952;1;173851,704;1;3,91623952506603;96,083760474934
AT;Austria;O3;Ozone (air);1990;7085,952;1;173851,704;1;3,91623952506603;96,083760474934
AT;Austria;O3;Ozone (air);1991;5967,104;1;180937,656;2;3,19259070769519;96,8074092923048
AT;Austria;O3;Ozone (air);1992;1736735;9;316488,24;2;84,5857852261598;15,4142147738402
AT;Austria;O3;Ozone (air);1993;1427332,712;9;729522,576;4;66,1765636267388;33,8234363732612
AT;Austria;O3;Ozone (air);1994;2159198,904;13;7085,952;1;99,6728984195973;0,327101580402684
AT;Austria;O3;Ozone (air);1995;1198933,936;8;967350,92;7;55,3451653728405;44,6548346271595
AT;Austria;O3;Ozone (air);1996;1050193,04;6;1116091,816;9;48,4789909827076;51,5210090172924
AT;Austria;O3;Ozone (air);1997;1044225,936;5;1122058,92;10;48,2035376422352;51,7964623577648
AT;Austria;O3;Ozone (air);1998;1351145,952;8;815138,904;6;62,3715735378801;37,6284264621199
AT;Austria;O3;Ozone (air);1999;483430,896;4;1682853,96;11;22,3161277548995;77,6838722451005
AT;Austria;O3;Ozone (air);2000;1975917,632;11;190367,224;3;91,2122718546115;8,78772814538847
AT;Austria;O3;Ozone (air);2001;1675944,912;12;490339,944;4;77,364936903755;22,635063096245
AT;Austria;O3;Ozone (air);2002;1575979,236;11;728213,052;6;68,3961683322846;31,6038316677154
AT;Austria;O3;Ozone (air);2003;2304192,288;15;0;0;100;0
AT;Austria;O3;Ozone (air);2004;367411,824;2;1936780,464;14;15,9453629765816;84,0546370234184
AT;Austria;O3;Ozone (air);2005;983734,128;7;1320458,16;9;42,6932306441258;57,3067693558742
AT;Austria;O3;Ozone (air);2006;1437010,952;10;867181,336;6;62,3650621297453;37,6349378702547
AT;Austria;O3;Ozone (air);2007;1556916,192;9;747276,096;7;67,5688483165342;32,4311516834658
AT;Austria;O3;Ozone (air);2008;367411,824;2;1936780,464;14;15,9453629765816;84,0546370234184
AT;Austria;O3;Ozone (air);2009;454680,72;3;1849511,568;13;19,7327593867895;80,2672406132105
AT;Austria;O3;Ozone (air);2010;715556,712;5;1588635,576;10;31,0545571967473;68,9454428032527
AT;Austria;O3;Ozone (air);2011;527065,344;5;1771159,84;11;22,9335814292426;77,0664185707574
AT;Austria;O3;Ozone (air);2012;367411,824;2;1930813,36;14;15,9867634624267;84,0132365375733
BE;Belgium;O3;Ozone (air);1992;0;0;929298,412;1;0;100
BE;Belgium;O3;Ozone (air);1993;0;0;929298,412;2;0;100
BE;Belgium;O3;Ozone (air);1994;929298,412;2;334996,242;1;73,5033094587458;26,4966905412542
BE;Belgium;O3;Ozone (air);1995;929298,412;2;0;0;100;0
BE;Belgium;O3;Ozone (air);1996;0;0;1144360,06;3;0;100
BE;Belgium;O3;Ozone (air);1997;929298,412;2;437789,574;3;67,9764888227172;32,0235111772828
BE;Belgium;O3;Ozone (air);1998;0;0;1742152,564;6;0;100
BE;Belgium;O3;Ozone (air);1999;464649,206;1;1361985,116;7;25,4374507477365;74,5625492522635
BE;Belgium;O3;Ozone (air);2000;0;0;1860829,574;9;0;100
BE;Belgium;O3;Ozone (air);2001;929298,412;2;931531,162;7;49,9400065962193;50,0599934037807
BE;Belgium;O3;Ozone (air);2002;0;0;1860829,574;11;0;100
BE;Belgium;O3;Ozone (air);2003;1777125,26333333;8;83704,3106666667;3;95,5017744861644;4,49822551383562
BE;Belgium;O3;Ozone (air);2004;0;0;1860829,574;11;0;100
BE;Belgium;O3;Ozone (air);2005;0;0;1860829,574;12;0;100
BE;Belgium;O3;Ozone (air);2006;1500390,855;6;360438,719;5;80,6302133179661;19,3697866820339
BE;Belgium;O3;Ozone (air);2007;0;0;1860829,574;11;0;100
BE;Belgium;O3;Ozone (air);2008;24754,5293333333;1;1836075,04466667;11;1,33029535209512;98,6697046479049
BE;Belgium;O3;Ozone (air);2009;0;0;1860829,574;12;0;100
BE;Belgium;O3;Ozone (air);2010;0;0;1860829,574;12;0;100
BE;Belgium;O3;Ozone (air);2011;0;0;1860829,574;12;0;100
BE;Belgium;O3;Ozone (air);2012;0;0;1860829,574;12;0;100
BG;Bulgaria;O3;Ozone (air);1998;0;0;212034,692;2;0;100
BG;Bulgaria;O3;Ozone (air);1999;0;0;1499840,364;3;0;100
BG;Bulgaria;O3;Ozone (air);2000;0;0;60330,976;1;0;100
BG;Bulgaria;O3;Ozone (air);2001;0;0;1511058,612;4;0;100
BG;Bulgaria;O3;Ozone (air);2003;11218,248;1;1108747,492;2;1,00165992577594;98,9983400742241
BG;Bulgaria;O3;Ozone (air);2004;0;0;1504873,416;5;0;100
BG;Bulgaria;O3;Ozone (air);2005;0;0;1853649,76;8;0;100
BG;Bulgaria;O3;Ozone (air);2006;185854,38;1;1667795,38;7;10,0264021829021;89,9735978170979
BG;Bulgaria;O3;Ozone (air);2007;516616,276;2;1337033,484;6;27,8702205318442;72,1297794681558
BG;Bulgaria;O3;Ozone (air);2008;330761,896;1;1522887,864;9;17,843818348942;82,156181651058
BG;Bulgaria;O3;Ozone (air);2009;106413,812;2;1937021,3;11;5,20759437748175;94,7924056225182
BG;Bulgaria;O3;Ozone (air);2010;106413,812;2;1937021,3;11;5,20759437748176;94,7924056225182
BG;Bulgaria;O3;Ozone (air);2011;41405,508;1;2002029,604;12;2,02626977273942;97,9737302272606
BG;Bulgaria;O3;Ozone (air);2012;958461,921333333;5;1084973,19066667;8;46,9044461311641;53,0955538688359
CH;Switzerland;O3;Ozone (air);1991;168717,9;2;4326,1;1;97,5;2,5
CH;Switzerland;O3;Ozone (air);1992;540885,85;5;282575,45;9;65,6844286428518;34,3155713571482
CH;Switzerland;O3;Ozone (air);1993;474156,25;4;455734,55;12;50,9905302859218;49,0094697140783
CH;Switzerland;O3;Ozone (air);1994;574501,7;7;355389,1;8;61,7816307033041;38,2183692966959
CH;Switzerland;O3;Ozone (air);1995;571079,7;6;358811,1;10;61,4136305037108;38,5863694962892
CH;Switzerland;O3;Ozone (air);1996;532416,9;4;397473,9;12;57,255851977458;42,744148022542
CH;Switzerland;O3;Ozone (air);1997;368025,1;3;561865,7;13;39,5772385316642;60,4227614683359
CH;Switzerland;O3;Ozone (air);1998;376494,05;4;550039,2;11;40,6347046908462;59,3652953091538
CH;Switzerland;O3;Ozone (air);1999;46205;2;944121,7;14;4,66563205859238;95,3343679414076
CH;Switzerland;O3;Ozone (air);2000;371447,1;4;618879,6;12;37,5075316054793;62,4924683945207
CH;Switzerland;O3;Ozone (air);2001;566032,75;6;424293,95;10;57,1561637184982;42,8438362815019
CH;Switzerland;O3;Ozone (air);2002;560300,5;4;430026,2;12;56,5773395789491;43,422660421051
CH;Switzerland;O3;Ozone (air);2003;972983,85;11;17342,85;4;98,2487748739886;1,75122512601145
CH;Switzerland;O3;Ozone (air);2004;46205;2;944121,7;14;4,66563205859238;95,3343679414076
CH;Switzerland;O3;Ozone (air);2005;365714,85;2;622301,6;12;37,0150567837206;62,9849432162794
CH;Switzerland;O3;Ozone (air);2006;539433,75;6;342451,55;8;61,1682437614053;38,8317562385947
CH;Switzerland;O3;Ozone (air);2007;454169,35;4;427715,95;10;51,4998208950756;48,5001791049244
CH;Switzerland;O3;Ozone (air);2008;43894,75;2;837990,55;13;4,97737630959491;95,0226236904051
CH;Switzerland;O3;Ozone (air);2009;43894,75;2;837990,55;11;4,97737630959491;95,0226236904051
CH;Switzerland;O3;Ozone (air);2010;454169,35;4;427715,95;10;51,4998208950756;48,5001791049244
CH;Switzerland;O3;Ozone (air);2011;365714,85;3;452377;10;44,7033973019044;55,2966026980956
CH;Switzerland;O3;Ozone (air);2012;43894,75;2;774197,1;11;5,36550388565783;94,6344961143422
CY;Cyprus;O3;Ozone (air);1994;0;0;12519,95;1;0;100
CY;Cyprus;O3;Ozone (air);1997;0;0;12519,95;1;0;100
CY;Cyprus;O3;Ozone (air);1998;0;0;12519,95;1;0;100
CY;Cyprus;O3;Ozone (air);1999;0;0;12519,95;1;0;100
CY;Cyprus;O3;Ozone (air);2000;0;0;12519,95;1;0;100
CY;Cyprus;O3;Ozone (air);2001;0;0;12519,95;1;0;100
CY;Cyprus;O3;Ozone (air);2002;0;0;12519,95;1;0;100
CY;Cyprus;O3;Ozone (air);2003;0;0;12519,95;1;0;100
CY;Cyprus;O3;Ozone (air);2004;0;0;12519,95;1;0;100
CY;Cyprus;O3;Ozone (air);2005;0;0;12519,95;1;0;100
CY;Cyprus;O3;Ozone (air);2006;0;0;12519,95;1;0;100
CY;Cyprus;O3;Ozone (air);2007;0;0;12519,95;1;0;100
CY;Cyprus;O3;Ozone (air);2008;0;0;12519,95;1;0;100
CY;Cyprus;O3;Ozone (air);2009;0;0;12519,95;1;0;100
CY;Cyprus;O3;Ozone (air);2010;0;0;12519,95;1;0;100
CY;Cyprus;O3;Ozone (air);2011;0;0;12519,95;1;0;100
CY;Cyprus;O3;Ozone (air);2012;0;0;12519,95;1;0;100
CZ;Czech Republic;O3;Ozone (air);1993;1170866;2;0;0;100;0
CZ;Czech Republic;O3;Ozone (air);1994;1525335,26;4;16361,28;1;98,9387483479725;1,06125165202745
CZ;Czech Republic;O3;Ozone (air);1995;1763852,395;7;59531,835;1;96,7350910455116;3,26490895448844
CZ;Czech Republic;O3;Ozone (air);1996;410269,775;6;1413114,455;3;22,5004564726328;77,4995435273672
CZ;Czech Republic;O3;Ozone (air);1997;1248506,835;5;473052,14;6;72,5218742506338;27,4781257493662
CZ;Czech Republic;O3;Ozone (air);1998;1064324,26166667;6;1158971,65833333;7;47,8714620079304;52,1285379920696
CZ;Czech Republic;O3;Ozone (air);1999;696744,761666667;5;1591232,35333333;9;30,4524357826309;69,5475642173691
CZ;Czech Republic;O3;Ozone (air);2000;829012,861666667;5;1458964,25333333;9;36,2334420319002;63,7665579680998
CZ;Czech Republic;O3;Ozone (air);2001;347222,72;1;1940754,395;14;15,1759699746822;84,8240300253178
CZ;Czech Republic;O3;Ozone (air);2002;468407,665;4;1819569,45;11;20,4725677511857;79,5274322488143
CZ;Czech Republic;O3;Ozone (air);2003;2390474,825;13;52688,97;2;97,8434122956541;2,15658770434587
CZ;Czech Republic;O3;Ozone (air);2004;392514,55;2;2243626,695;18;14,8897389600989;85,1102610399012
CZ;Czech Republic;O3;Ozone (air);2005;1801753,833;14;948028,667;14;65,5235035134597;34,4764964865403
CZ;Czech Republic;O3;Ozone (air);2006;2311885,73733333;19;437896,762666667;8;84,075221852395;15,924778147605
CZ;Czech Republic;O3;Ozone (air);2007;1678810,208;12;1070972,292;15;61,0524726228347;38,9475273771653
CZ;Czech Republic;O3;Ozone (air);2008;0;0;2749782,5;28;0;100
CZ;Czech Republic;O3;Ozone (air);2009;421224,715;2;2328557,785;26;15,3184739156642;84,6815260843358
CZ;Czech Republic;O3;Ozone (air);2010;372725,676666667;2;2360695,54333333;26;13,6358668008975;86,3641331991025
CZ;Czech Republic;O3;Ozone (air);2011;533585,558333333;2;2199835,66166667;25;19,5207952008704;80,4792047991296
CZ;Czech Republic;O3;Ozone (air);2012;570858,126;2;2162563,094;24;20,8843818809602;79,1156181190399
DE;Germany;O3;Ozone (air);1984;695466,03;2;204385,69;4;77,2867367525841;22,7132632474159
DE;Germany;O3;Ozone (air);1985;229513,264;3;542142,426;2;29,7429626936335;70,2570373063665
DE;Germany;O3;Ozone (air);1986;577880,836;3;285435,276;1;66,9373394018158;33,0626605981842
DE;Germany;O3;Ozone (air);1988;2722753,403;7;5768200,233;16;32,0665206727316;67,9334793272683
DE;Germany;O3;Ozone (air);1989;6873801,274;16;388912,566;4;94,6450793110141;5,35492068898587
DE;Germany;O3;Ozone (air);1990;3481880,9905;21;10876804,8455;41;24,2493012958766;75,7506987041234
DE;Germany;O3;Ozone (air);1991;2337087,0475;16;13333737,2505;57;14,9136191119077;85,0863808880923
DE;Germany;O3;Ozone (air);1992;8284101,624;38;9499414,976;52;46,583034223951;53,416965776049
DE;Germany;O3;Ozone (air);1993;4586792,9275;29;13980359,4505;79;24,7038039766121;75,2961960233879
DE;Germany;O3;Ozone (air);1994;15245026,745;76;3497450,501;41;81,3394437933949;18,6605562066051
DE;Germany;O3;Ozone (air);1995;12753440,7445333;72;6568585,29546667;51;66,0046763115393;33,9953236884607
DE;Germany;O3;Ozone (air);1996;2860859,1724;23;16739658,2596;117;14,5958349432619;85,4041650567381
DE;Germany;O3;Ozone (air);1997;2094980,715;18;17620169,681;120;10,6262476974309;89,3737523025691
DE;Germany;O3;Ozone (air);1998;3241544,8615;20;16063895,2805;108;16,7908363531575;83,2091636468425
DE;Germany;O3;Ozone (air);1999;2743696,9598;21;16882214,9362;112;13,9799718573036;86,0200281426964
DE;Germany;O3;Ozone (air);2000;1399626,906;11;18916097,842;127;6,88937718620049;93,1106228137995
DE;Germany;O3;Ozone (air);2001;5165803,752;41;15021114,544;95;25,5898581262084;74,4101418737916
DE;Germany;O3;Ozone (air);2002;2307817,735;15;18382896,101;104;11,1538816557629;88,8461183442371
DE;Germany;O3;Ozone (air);2003;15582244,872;84;4367805,414;25;78,1062937116248;21,8937062883752
DE;Germany;O3;Ozone (air);2004;2431471,59;18;17567123,77;86;12,1582118455343;87,8417881544657
DE;Germany;O3;Ozone (air);2005;3096221,136;19;16945507,226;87;15,4488728720152;84,5511271279848
DE;Germany;O3;Ozone (air);2006;14264210,098;68;5668057,288;37;71,5634093290304;28,4365906709696
DE;Germany;O3;Ozone (air);2007;1989048,133;15;17570801,361;90;10,1690359816426;89,8309640183574
DE;Germany;O3;Ozone (air);2008;2046109,114;10;17315786,02;96;10,5677109592799;89,4322890407201
DE;Germany;O3;Ozone (air);2009;265671,616;1;20133199,408;107;1,30238391961706;98,6976160803829
DE;Germany;O3;Ozone (air);2010;2350578,341;17;18049752,783;88;11,5222558237531;88,4777441762469
DE;Germany;O3;Ozone (air);2011;265671,616;1;20026316,162;100;1,30924391886355;98,6907560811364
DE;Germany;O3;Ozone (air);2012;647464,818;4;20026882,752;96;3,13173035234988;96,8682696476501
DK;Denmark;O3;Ozone (air);1998;0;0;843026,466;4;0;100
DK;Denmark;O3;Ozone (air);1999;0;0;385476,678;3;0;100
DK;Denmark;O3;Ozone (air);2001;0;0;385476,678;3;0;100
DK;Denmark;O3;Ozone (air);2002;0;0;658278,464;5;0;100
DK;Denmark;O3;Ozone (air);2003;0;0;658278,464;5;0;100
DK;Denmark;O3;Ozone (air);2004;0;0;936157,474;5;0;100
DK;Denmark;O3;Ozone (air);2005;0;0;1115828,252;6;0;100
DK;Denmark;O3;Ozone (air);2006;0;0;1115828,252;6;0;100
DK;Denmark;O3;Ozone (air);2007;0;0;1115828,252;6;0;100
DK;Denmark;O3;Ozone (air);2008;0;0;1115828,252;6;0;100
DK;Denmark;O3;Ozone (air);2009;0;0;1115828,252;6;0;100
DK;Denmark;O3;Ozone (air);2010;0;0;1115828,252;6;0;100
DK;Denmark;O3;Ozone (air);2011;0;0;1115828,252;5;0;100
DK;Denmark;O3;Ozone (air);2012;0;0;1115828,252;5;0;100
EE;Estonia;O3;Ozone (air);1997;0;0;11004,308;1;0;100
EE;Estonia;O3;Ozone (air);1998;0;0;11004,308;1;0;100
EE;Estonia;O3;Ozone (air);2000;0;0;11004,308;1;0;100
EE;Estonia;O3;Ozone (air);2001;0;0;393011;2;0;100
EE;Estonia;O3;Ozone (air);2002;0;0;393011;2;0;100
EE;Estonia;O3;Ozone (air);2003;0;0;393011;2;0;100
EE;Estonia;O3;Ozone (air);2004;0;0;382006,692;1;0;100
EE;Estonia;O3;Ozone (air);2005;0;0;382006,692;1;0;100
EE;Estonia;O3;Ozone (air);2006;0;0;393011;2;0;100
EE;Estonia;O3;Ozone (air);2007;0;0;393011;2;0;100
EE;Estonia;O3;Ozone (air);2008;0;0;393011;2;0;100
EE;Estonia;O3;Ozone (air);2009;0;0;548152,892;4;0;100
EE;Estonia;O3;Ozone (air);2010;382006,692;1;166146,2;3;69,6898069088359;30,3101930911641
EE;Estonia;O3;Ozone (air);2011;0;0;548152,892;4;0;100
EE;Estonia;O3;Ozone (air);2012;0;0;548152,892;4;0;100
EEA33;EEA33;O3;Ozone (air);1977;0;0;7008681,588;1;0;100
EEA33;EEA33;O3;Ozone (air);1978;0;0;70873,254;1;0;100
EEA33;EEA33;O3;Ozone (air);1979;0;0;70873,254;1;0;100
EEA33;EEA33;O3;Ozone (air);1980;0;0;70873,254;1;0;100
EEA33;EEA33;O3;Ozone (air);1981;0;0;70873,254;1;0;100
EEA33;EEA33;O3;Ozone (air);1982;0;0;10172,022;1;0;100
EEA33;EEA33;O3;Ozone (air);1983;0;0;8945,244;1;0;100
EEA33;EEA33;O3;Ozone (air);1984;766339,284;3;213330,934;5;78,2242095268022;21,7757904731978
EEA33;EEA33;O3;Ozone (air);1985;229513,264;3;7631869,29;5;2,91950254835544;97,0804974516446
EEA33;EEA33;O3;Ozone (air);1986;577880,836;3;7467968,568;3;7,18234715793594;92,8176528420641
EEA33;EEA33;O3;Ozone (air);1987;0;0;1917188,784;6;0;100
EEA33;EEA33;O3;Ozone (air);1988;2722753,403;7;15134948,68;30;15,2469415736977;84,7530584263023
EEA33;EEA33;O3;Ozone (air);1989;7450904,674;18;9397165,415;20;44,2240840324178;55,7759159675823
EEA33;EEA33;O3;Ozone (air);1990;4637741,4545;25;12731437,8515;57;26,7009820832349;73,2990179167651
EEA33;EEA33;O3;Ozone (air);1991;2511772,0515;19;23229864,7635;77;9,75762368784706;90,2423763121529
EEA33;EEA33;O3;Ozone (air);1992;11001891,45;53;20443991,017;85;34,9867473477509;65,0132526522491
EEA33;EEA33;O3;Ozone (air);1993;7659147,8895;44;28731962,6345;128;21,0467550432372;78,9532449567628
EEA33;EEA33;O3;Ozone (air);1994;20557105,421;104;17535836,885;83;53,9656539415231;46,0343460584769
EEA33;EEA33;O3;Ozone (air);1995;17607417,5315333;98;21162682,2894667;99;45,4149398965339;54,5850601034661
EEA33;EEA33;O3;Ozone (air);1996;4868757,5274;40;35841022,4246;181;11,959675373192;88,040324626808
EEA33;EEA33;O3;Ozone (air);1997;6379467,557;37;43026892,979;267;12,9122394116676;87,0877605883324
EEA33;EEA33;O3;Ozone (air);1998;10245389,1766667;47;44194291,4673333;260;18,8197084469779;81,1802915530221
EEA33;EEA33;O3;Ozone (air);1999;19879066,2766333;109;64058450,0603667;427;23,6831718927935;76,3168281072065
EEA33;EEA33;O3;Ozone (air);2000;14860214,9143;96;68205654,9207;466;17,88967592083;82,11032407917
EEA33;EEA33;O3;Ozone (air);2001;27446118,2182;204;63128974,2158;427;30,3020592975926;69,6979407024074
EEA33;EEA33;O3;Ozone (air);2002;17820550,523;118;73289490,483;538;19,5593705438311;80,4406294561689
EEA33;EEA33;O3;Ozone (air);2003;57377800,3240128;410;40791897,7319872;278;58,4475672842369;41,5524327157631
EEA33;EEA33;O3;Ozone (air);2004;20969038,4703667;132;83869674,9826333;580;20,0012359745022;79,9987640254978
EEA33;EEA33;O3;Ozone (air);2005;26201178,7577;171;84456015,6323;574;23,6777905875298;76,3222094124702
EEA33;EEA33;O3;Ozone (air);2006;52490845,5330167;327;63246781,5909833;447;45,3533106193533;54,6466893806467
EEA33;EEA33;O3;Ozone (air);2007;23177091,2758667;156;86266869,1441333;580;21,1771313710896;78,8228686289104
EEA33;EEA33;O3;Ozone (air);2008;17949087,1591;107;99041707,4889;679;15,3423072414415;84,6576927585585
EEA33;EEA33;O3;Ozone (air);2009;17602897,4219;106;100402940,6091;693;14,916971664805;85,083028335195
EEA33;EEA33;O3;Ozone (air);2010;20373368,0424667;152;99944605,3735333;641;16,9329381671229;83,0670618328771
EEA33;EEA33;O3;Ozone (air);2011;17209123,8842485;111;98578759,9977515;634;14,8626292382944;85,1373707617056
EEA33;EEA33;O3;Ozone (air);2012;17036512,9913619;111;103842763,276638;642;14,0938244481134;85,9061755518866
ES;Spain;O3;Ozone (air);1988;0;0;84675,821;1;0;100
ES;Spain;O3;Ozone (air);1989;0;0;84675,821;2;0;100
ES;Spain;O3;Ozone (air);1991;0;0;84675,821;1;0;100
ES;Spain;O3;Ozone (air);1992;0;0;84675,821;1;0;100
ES;Spain;O3;Ozone (air);1993;0;0;249852,918;2;0;100
ES;Spain;O3;Ozone (air);1995;0;0;165177,097;1;0;100
ES;Spain;O3;Ozone (air);1997;305557,977;2;3897987,697;43;7,26905333490138;92,7309466650986
ES;Spain;O3;Ozone (air);1998;3164556,7125;4;1237357,8135;39;71,8904625205347;28,1095374794654
ES;Spain;O3;Ozone (air);1999;1611282,2855;4;3068162,3975;50;34,4331944205611;65,5668055794389
ES;Spain;O3;Ozone (air);2000;295841,853;3;4575707,073;57;6,07284987780907;93,9271501221909
ES;Spain;O3;Ozone (air);2001;406801,6545;7;5145932,3605;68;7,32615056656915;92,6738494334309
ES;Spain;O3;Ozone (air);2002;1055064,8315;11;5708730,14549999;98;15,5987110059915;84,4012889940085
ES;Spain;O3;Ozone (air);2003;3450266,8812;23;5007778,0648;90;40,7927234157311;59,2072765842689
ES;Spain;O3;Ozone (air);2004;2466011,60866667;18;6471689,88033333;99;27,5911162584887;72,4088837415113
ES;Spain;O3;Ozone (air);2005;2939028,005;24;8079810,361;94;26,6727572124911;73,3272427875089
ES;Spain;O3;Ozone (air);2006;3832745,4336;24;8820932,98639999;101;30,2895751447428;69,7104248552572
ES;Spain;O3;Ozone (air);2007;2528687,3875;19;9930718,3415;106;20,2954092875741;79,7045907124259
ES;Spain;O3;Ozone (air);2008;3007202,9186;20;10108293,1824;110;22,9286250054294;77,0713749945706
ES;Spain;O3;Ozone (air);2009;3190395,80846667;18;10297358,0235333;120;23,6540186617091;76,3459813382909
ES;Spain;O3;Ozone (air);2010;2892929,03323333;23;11017610,7817667;107;20,7966698036681;79,2033301963319
ES;Spain;O3;Ozone (air);2011;2196417,24934848;15;11955179,5936515;113;15,5206318673142;84,4793681326858
ES;Spain;O3;Ozone (air);2012;1008911,9055;13;12943694,3845;112;7,23099243632424;92,7690075636758
EU28;EU28;O3;Ozone (air);1977;0;0;7008681,588;1;0;100
EU28;EU28;O3;Ozone (air);1978;0;0;70873,254;1;0;100
EU28;EU28;O3;Ozone (air);1979;0;0;70873,254;1;0;100
EU28;EU28;O3;Ozone (air);1980;0;0;70873,254;1;0;100
EU28;EU28;O3;Ozone (air);1981;0;0;70873,254;1;0;100
EU28;EU28;O3;Ozone (air);1982;0;0;10172,022;1;0;100
EU28;EU28;O3;Ozone (air);1983;0;0;8945,244;1;0;100
EU28;EU28;O3;Ozone (air);1984;766339,284;3;213330,934;5;78,2242095268022;21,7757904731978
EU28;EU28;O3;Ozone (air);1985;229513,264;3;7631869,29;5;2,91950254835544;97,0804974516446
EU28;EU28;O3;Ozone (air);1986;577880,836;3;7467968,568;3;7,18234715793594;92,8176528420641
EU28;EU28;O3;Ozone (air);1987;0;0;1917188,784;6;0;100
EU28;EU28;O3;Ozone (air);1988;2722753,403;7;15134948,68;30;15,2469415736977;84,7530584263023
EU28;EU28;O3;Ozone (air);1989;7450904,674;18;9397165,415;20;44,2240840324178;55,7759159675823
EU28;EU28;O3;Ozone (air);1990;4637741,4545;25;12731437,8515;57;26,7009820832349;73,2990179167651
EU28;EU28;O3;Ozone (air);1991;2343054,1515;17;23225538,6635;76;9,16379782201166;90,8362021779883
EU28;EU28;O3;Ozone (air);1992;10461005,6;48;20161415,567;76;34,1612622429516;65,8387377570484
EU28;EU28;O3;Ozone (air);1993;7184991,6395;40;28276228,0845;116;20,2615468261438;79,7384531738562
EU28;EU28;O3;Ozone (air);1994;19982603,721;97;17180447,785;75;53,7700832176653;46,2299167823348
EU28;EU28;O3;Ozone (air);1995;17036337,8315333;92;20803871,1894667;89;45,0217857466875;54,9782142533125
EU28;EU28;O3;Ozone (air);1996;4336340,6274;36;35443548,5246;169;10,9008363769711;89,0991636230289
EU28;EU28;O3;Ozone (air);1997;6011442,457;34;42463684,679;253;12,4010865203809;87,5989134796191
EU28;EU28;O3;Ozone (air);1998;9868895,12666667;43;43644252,2673333;249;18,4420009049462;81,5579990950538
EU28;EU28;O3;Ozone (air);1999;19832861,2766333;107;63114328,3603667;413;23,9102269328563;76,0897730671438
EU28;EU28;O3;Ozone (air);2000;14488767,8143;92;67586775,3207;454;17,6529661100975;82,3470338899025
EU28;EU28;O3;Ozone (air);2001;26880085,4682;198;62703337,6658;416;30,0056467232698;69,9943532767302
EU28;EU28;O3;Ozone (air);2002;17260250,023;114;72858121,683;525;19,1528649444637;80,8471350555363
EU28;EU28;O3;Ozone (air);2003;56404816,4740128;399;40582754,8819872;271;58,156746978409;41,843253021591
EU28;EU28;O3;Ozone (air);2004;20922833,4703667;130;82733753,2826333;564;20,184760202671;79,815239797329
EU28;EU28;O3;Ozone (air);2005;25835463,9077;169;83641914,0323;559;23,5989063620608;76,4010936379392
EU28;EU28;O3;Ozone (air);2006;51951411,7830167;321;62902987,4409833;437;45,2324091493405;54,7675908506595
EU28;EU28;O3;Ozone (air);2007;22722921,9258667;152;85602561,8891333;568;20,9765247526364;79,0234752473636
EU28;EU28;O3;Ozone (air);2008;17905192,4091;105;98202374,3389;665;15,4212106158089;84,5787893841911
EU28;EU28;O3;Ozone (air);2009;17559002,6719;104;99329701,3541;681;15,0219842184188;84,9780157815812
EU28;EU28;O3;Ozone (air);2010;19919198,6924667;148;99281640,7185333;630;16,7106194812824;83,2893805187176
EU28;EU28;O3;Ozone (air);2011;16843409,0342485;108;97889791,6927515;622;14,6805013087068;85,3194986912932
EU28;EU28;O3;Ozone (air);2012;16992618,2413619;109;102551575,252638;630;14,2145074091071;85,7854925908929
FI;Finland;O3;Ozone (air);1990;0;0;20636,85;1;0;100
FI;Finland;O3;Ozone (air);1991;0;0;20636,85;1;0;100
FI;Finland;O3;Ozone (air);1992;0;0;20636,85;1;0;100
FI;Finland;O3;Ozone (air);1993;0;0;20636,85;1;0;100
FI;Finland;O3;Ozone (air);1994;0;0;20636,85;1;0;100
FI;Finland;O3;Ozone (air);1995;0;0;20636,85;1;0;100
FI;Finland;O3;Ozone (air);1996;0;0;20636,85;1;0;100
FI;Finland;O3;Ozone (air);1997;0;0;202828,106;2;0;100
FI;Finland;O3;Ozone (air);1998;0;0;202828,106;2;0;100
FI;Finland;O3;Ozone (air);1999;0;0;202828,106;2;0;100
FI;Finland;O3;Ozone (air);2000;0;0;725266,256;3;0;100
FI;Finland;O3;Ozone (air);2001;0;0;725266,256;3;0;100
FI;Finland;O3;Ozone (air);2002;0;0;725266,256;3;0;100
FI;Finland;O3;Ozone (air);2003;0;0;908264,63;5;0;100
FI;Finland;O3;Ozone (air);2004;0;0;908264,63;5;0;100
FI;Finland;O3;Ozone (air);2005;0;0;908264,63;5;0;100
FI;Finland;O3;Ozone (air);2006;0;0;1026539,644;6;0;100
FI;Finland;O3;Ozone (air);2007;0;0;1026539,644;6;0;100
FI;Finland;O3;Ozone (air);2008;0;0;1026539,644;6;0;100
FI;Finland;O3;Ozone (air);2009;0;0;1153419,748;8;0;100
FI;Finland;O3;Ozone (air);2010;0;0;1153419,748;8;0;100
FI;Finland;O3;Ozone (air);2011;0;0;1153419,748;8;0;100
FI;Finland;O3;Ozone (air);2012;0;0;1153419,748;8;0;100
FR;France;O3;Ozone (air);1982;0;0;10172,022;1;0;100
FR;France;O3;Ozone (air);1983;0;0;8945,244;1;0;100
FR;France;O3;Ozone (air);1984;0;0;8945,244;1;0;100
FR;France;O3;Ozone (air);1985;0;0;10172,022;1;0;100
FR;France;O3;Ozone (air);1999;5927512,11566667;46;11604926,7483333;118;33,8088280908701;66,1911719091298
FR;France;O3;Ozone (air);2000;3907612,96013333;39;14411891,8798667;155;21,3303415908993;78,6696584091007
FR;France;O3;Ozone (air);2001;8168771,3017;94;10534778,4943;114;43,6749782303197;56,3250217696803
FR;France;O3;Ozone (air);2002;3681505,864;46;14769356,124;165;19,9530291126472;80,0469708873528
FR;France;O3;Ozone (air);2003;17662347,9511333;188;2856392,65686667;33;86,0791034331172;13,9208965668828
FR;France;O3;Ozone (air);2004;5800207,7907;57;14808855,8993;171;28,1439655772154;71,8560344227846
FR;France;O3;Ozone (air);2005;6046515,73786667;60;14562547,9521333;162;29,3391093783682;70,6608906216318
FR;France;O3;Ozone (air);2006;11682426,0016667;116;8911013,26833333;110;56,7288729604546;43,2711270395454
FR;France;O3;Ozone (air);2007;2853120,07066667;30;17809915,0333333;186;13,8078460221671;86,1921539778329
FR;France;O3;Ozone (air);2008;1137767,42266667;10;19392817,7253333;198;5,54181682823348;94,4581831717665
FR;France;O3;Ozone (air);2009;2448381,46843333;21;17889617,4835667;176;12,0384580322371;87,9615419677629
FR;France;O3;Ozone (air);2010;5213422,9712;47;15124575,9808;141;25,6339032345526;74,3660967654474
FR;France;O3;Ozone (air);2011;3772065,92333333;33;16475794,8086667;149;18,6294541100429;81,3705458899571
FR;France;O3;Ozone (air);2012;1494424,6276;12;18775519,2004;154;7,3726135616403;92,6273864383597
GB;United Kingdom;O3;Ozone (air);1977;0;0;7008681,588;1;0;100
GB;United Kingdom;O3;Ozone (air);1978;0;0;70873,254;1;0;100
GB;United Kingdom;O3;Ozone (air);1979;0;0;70873,254;1;0;100
GB;United Kingdom;O3;Ozone (air);1980;0;0;70873,254;1;0;100
GB;United Kingdom;O3;Ozone (air);1981;0;0;70873,254;1;0;100
GB;United Kingdom;O3;Ozone (air);1984;70873,254;1;0;0;100;0
GB;United Kingdom;O3;Ozone (air);1985;0;0;7079554,842;2;0;100
GB;United Kingdom;O3;Ozone (air);1986;0;0;7008681,588;1;0;100
GB;United Kingdom;O3;Ozone (air);1988;0;0;7079554,842;2;0;100
GB;United Kingdom;O3;Ozone (air);1989;0;0;7277701,716;3;0;100
GB;United Kingdom;O3;Ozone (air);1990;0;0;269020,128;2;0;100
GB;United Kingdom;O3;Ozone (air);1991;0;0;7079554,842;2;0;100
GB;United Kingdom;O3;Ozone (air);1992;0;0;7795091,448;6;0;100
GB;United Kingdom;O3;Ozone (air);1993;0;0;10297374,09;11;0;100
GB;United Kingdom;O3;Ozone (air);1994;0;0;11345957,622;14;0;100
GB;United Kingdom;O3;Ozone (air);1995;0;0;11344217,748;14;0;100
GB;United Kingdom;O3;Ozone (air);1996;0;0;12955521,936;20;0;100
GB;United Kingdom;O3;Ozone (air);1997;0;0;14013490,614;34;0;100
GB;United Kingdom;O3;Ozone (air);1998;0;0;16695969,812;47;0;100
GB;United Kingdom;O3;Ozone (air);1999;0;0;16672034,534;47;0;100
GB;United Kingdom;O3;Ozone (air);2000;0;0;16761044,114;45;0;100
GB;United Kingdom;O3;Ozone (air);2001;0;0;17440879,568;49;0;100
GB;United Kingdom;O3;Ozone (air);2002;0;0;17032010,12;50;0;100
GB;United Kingdom;O3;Ozone (air);2003;1408627,52584615;4;15927699,4621538;48;8,12529393810574;91,8747060618942
GB;United Kingdom;O3;Ozone (air);2004;0;0;17972132,714;54;0;100
GB;United Kingdom;O3;Ozone (air);2005;0;0;17511102,842;53;0;100
GB;United Kingdom;O3;Ozone (air);2006;145755,66;1;17581816,898;50;0,822197509123855;99,1778024908761
GB;United Kingdom;O3;Ozone (air);2007;0;0;12527992,444;20;0;100
GB;United Kingdom;O3;Ozone (air);2008;231314,694;1;17010299,74;44;1,34160692947555;98,6583930705245
GB;United Kingdom;O3;Ozone (air);2009;0;0;17031810,996;43;0;100
GB;United Kingdom;O3;Ozone (air);2010;0;0;17275828,56;44;0;100
GB;United Kingdom;O3;Ozone (air);2011;0;0;16843432,04;44;0;100
GB;United Kingdom;O3;Ozone (air);2012;0;0;16152317,112;43;0;100
GR;Greece;O3;Ozone (air);1987;0;0;30037,28;1;0;100
GR;Greece;O3;Ozone (air);1988;0;0;30037,28;1;0;100
GR;Greece;O3;Ozone (air);1989;0;0;30037,28;1;0;100
GR;Greece;O3;Ozone (air);1990;0;0;30037,28;1;0;100
GR;Greece;O3;Ozone (air);1991;0;0;30037,28;1;0;100
GR;Greece;O3;Ozone (air);1992;0;0;30037,28;1;0;100
GR;Greece;O3;Ozone (air);1993;0;0;30037,28;2;0;100
GR;Greece;O3;Ozone (air);1994;15018,64;1;15018,64;1;50;50
GR;Greece;O3;Ozone (air);1995;15018,64;1;15018,64;1;50;50
GR;Greece;O3;Ozone (air);1996;15018,64;1;15018,64;1;50;50
GR;Greece;O3;Ozone (air);1997;0;0;30037,28;2;0;100
GR;Greece;O3;Ozone (air);1998;15018,64;1;15018,64;1;50;50
GR;Greece;O3;Ozone (air);1999;0;0;30037,28;1;0;100
GR;Greece;O3;Ozone (air);2000;0;0;30037,28;1;0;100
GR;Greece;O3;Ozone (air);2001;21235,58;2;28404,14;3;42,7794113262524;57,2205886737476
GR;Greece;O3;Ozone (air);2002;21235,58;2;31589,42;4;40,1998674869853;59,8001325130147
GR;Greece;O3;Ozone (air);2003;6216,94;1;39439,5;3;13,616786591333;86,383213408667
GR;Greece;O3;Ozone (air);2004;0;0;33222,56;2;0;100
GR;Greece;O3;Ozone (air);2005;0;0;30037,28;2;0;100
GR;Greece;O3;Ozone (air);2006;0;0;33222,56;3;0;100
GR;Greece;O3;Ozone (air);2007;0;0;58329,76;6;0;100
GR;Greece;O3;Ozone (air);2008;6216,94;1;43422,78;4;12,5241238266453;87,4758761733547
GR;Greece;O3;Ozone (air);2009;0;0;49639,72;4;0;100
GR;Greece;O3;Ozone (air);2010;7168,56;1;42471,16;4;14,4411773474951;85,5588226525049
GR;Greece;O3;Ozone (air);2011;0;0;47975,92;4;0;100
GR;Greece;O3;Ozone (air);2012;12433,88;2;30037,28;2;29,2760546215361;70,7239453784639
HR;Croatia;O3;Ozone (air);2009;0;0;31772,868;1;0;100
HR;Croatia;O3;Ozone (air);2010;31772,868;1;0;0;100;0
HR;Croatia;O3;Ozone (air);2012;31772,868;1;0;0;100;0
HU;Hungary;O3;Ozone (air);1997;0;0;1613594,822;1;0;100
HU;Hungary;O3;Ozone (air);1999;0;0;7664,055;1;0;100
HU;Hungary;O3;Ozone (air);2000;0;0;7664,055;1;0;100
HU;Hungary;O3;Ozone (air);2001;0;0;7664,055;1;0;100
HU;Hungary;O3;Ozone (air);2002;0;0;7664,055;1;0;100
HU;Hungary;O3;Ozone (air);2003;161812,026;3;7664,055;1;95,4777954772273;4,52220452277274
HU;Hungary;O3;Ozone (air);2004;0;0;2078928,521;4;0;100
HU;Hungary;O3;Ozone (air);2005;1223847,04733333;3;855081,473666667;3;58,8691258487638;41,1308741512362
HU;Hungary;O3;Ozone (air);2006;537864,940666667;1;1541063,58033333;5;25,8722190413716;74,1277809586284
HU;Hungary;O3;Ozone (air);2007;1930811,355;5;0;0;100;0
HU;Hungary;O3;Ozone (air);2008;1613594,822;3;465333,699;3;77,6166571241148;22,3833428758852
HU;Hungary;O3;Ozone (air);2009;1761711,988;4;317216,533;2;84,7413448901354;15,2586551098646
HU;Hungary;O3;Ozone (air);2010;148117,166;1;1930811,355;5;7,1246877660206;92,8753122339794
HU;Hungary;O3;Ozone (air);2011;1808399,458;4;270529,063;2;86,9870916547977;13,0129083452023
HU;Hungary;O3;Ozone (air);2012;1956516,624;4;122411,897;1;94,1117794208183;5,88822057918171
IE;Ireland;O3;Ozone (air);2002;0;0;471857,67;1;0;100
IE;Ireland;O3;Ozone (air);2003;0;0;477410,35;2;0;100
IE;Ireland;O3;Ozone (air);2004;0;0;477410,35;2;0;100
IE;Ireland;O3;Ozone (air);2005;0;0;526694,023;3;0;100
IE;Ireland;O3;Ozone (air);2006;0;0;526694,023;3;0;100
IE;Ireland;O3;Ozone (air);2007;0;0;477410,35;2;0;100
IE;Ireland;O3;Ozone (air);2008;0;0;477410,35;2;0;100
IE;Ireland;O3;Ozone (air);2009;0;0;526694,023;4;0;100
IE;Ireland;O3;Ozone (air);2010;0;0;526694,023;4;0;100
IE;Ireland;O3;Ozone (air);2011;0;0;526694,023;4;0;100
IE;Ireland;O3;Ozone (air);2012;0;0;471857,67;2;0;100
IS;Iceland;O3;Ozone (air);1997;0;0;1342,6;1;0;100
IS;Iceland;O3;Ozone (air);2001;0;0;1342,6;1;0;100
IS;Iceland;O3;Ozone (air);2002;0;0;1342,6;1;0;100
IS;Iceland;O3;Ozone (air);2003;0;0;191800;3;0;100
IS;Iceland;O3;Ozone (air);2004;0;0;191800;2;0;100
IS;Iceland;O3;Ozone (air);2005;0;0;191800;3;0;100
IS;Iceland;O3;Ozone (air);2006;0;0;1342,6;2;0;100
IS;Iceland;O3;Ozone (air);2007;0;0;1342,6;1;0;100
IS;Iceland;O3;Ozone (air);2008;0;0;1342,6;1;0;100
IS;Iceland;O3;Ozone (air);2011;0;0;1342,6;1;0;100
IT;Italy;O3;Ozone (air);1999;7463058,126;24;961795,201;16;88,5838344755791;11,4161655244209
IT;Italy;O3;Ozone (air);2000;5031397,552;15;1715124,431;12;74,5776500051167;25,4223499948833
IT;Italy;O3;Ozone (air);2001;8824320,0455;35;677503,5325;11;92,8697525591966;7,13024744080341
IT;Italy;O3;Ozone (air);2002;6675230,296;20;2992331,721;25;69,047711142291;30,952288857709
IT;Italy;O3;Ozone (air);2003;9188530,6165;46;1490450,9415;12;86,0431359169878;13,9568640830122
IT;Italy;O3;Ozone (air);2004;7025464,0045;29;2462309,6605;22;74,0475505904683;25,9524494095317
IT;Italy;O3;Ozone (air);2005;7520956,5375;35;2211008,6315;20;77,2809643981988;22,7190356018012
IT;Italy;O3;Ozone (air);2006;9137220,43375;49;2358871,80825;23;79,4810988064965;20,5189011935035
IT;Italy;O3;Ozone (air);2007;6822213,3347;46;4625286,3363;28;59,5956630772634;40,4043369227366
IT;Italy;O3;Ozone (air);2008;7473461,275;47;4703819,829;39;61,3721668340654;38,6278331659346
IT;Italy;O3;Ozone (air);2009;7055424,3295;42;4404102,2435;43;61,5682007852175;38,4317992147825
IT;Italy;O3;Ozone (air);2010;7698506,86036667;48;3853199,99463333;48;66,6438904397446;33,3561095602554
IT;Italy;O3;Ozone (air);2011;6879837,92773333;42;3501554,67526667;36;66,2708577820784;33,7291422179216
IT;Italy;O3;Ozone (air);2012;7618942,55892857;50;4657063,95007143;41;62,063689468907;37,936310531093
LT;Lithuania;O3;Ozone (air);1998;0;0;12304,701;1;0;100
LT;Lithuania;O3;Ozone (air);1999;0;0;12304,701;1;0;100
LT;Lithuania;O3;Ozone (air);2003;0;0;12304,701;1;0;100
LT;Lithuania;O3;Ozone (air);2004;0;0;546068,791;4;0;100
LT;Lithuania;O3;Ozone (air);2005;0;0;552956,624;6;0;100
LT;Lithuania;O3;Ozone (air);2006;522682,299;1;27647,403;4;94,9762110059617;5,02378899403834
LT;Lithuania;O3;Ozone (air);2007;0;0;661916,78;6;0;100
LT;Lithuania;O3;Ozone (air);2008;0;0;661916,78;6;0;100
LT;Lithuania;O3;Ozone (air);2009;0;0;661916,78;6;0;100
LT;Lithuania;O3;Ozone (air);2010;0;0;550329,702;5;0;100
LT;Lithuania;O3;Ozone (air);2011;0;0;550329,702;5;0;100
LT;Lithuania;O3;Ozone (air);2012;0;0;661916,78;6;0;100
LU;Luxembourg;O3;Ozone (air);2004;0;0;76973,211;1;0;100
LU;Luxembourg;O3;Ozone (air);2005;0;0;84679;2;0;100
LU;Luxembourg;O3;Ozone (air);2006;0;0;84679;2;0;100
LU;Luxembourg;O3;Ozone (air);2007;0;0;84679;2;0;100
LU;Luxembourg;O3;Ozone (air);2008;0;0;84679;2;0;100
LU;Luxembourg;O3;Ozone (air);2009;0;0;84679;2;0;100
LU;Luxembourg;O3;Ozone (air);2010;0;0;84679;2;0;100
LU;Luxembourg;O3;Ozone (air);2011;0;0;84679;2;0;100
LU;Luxembourg;O3;Ozone (air);2012;0;0;76973,211;1;0;100
LV;Latvia;O3;Ozone (air);1999;0;0;698514,934;1;0;100
LV;Latvia;O3;Ozone (air);2002;0;0;27592,066;1;0;100
LV;Latvia;O3;Ozone (air);2003;0;0;698514,934;2;0;100
LV;Latvia;O3;Ozone (air);2004;0;0;698514,934;2;0;100
LV;Latvia;O3;Ozone (air);2005;0;0;698514,934;3;0;100
LV;Latvia;O3;Ozone (air);2006;0;0;698514,934;1;0;100
LV;Latvia;O3;Ozone (air);2007;0;0;27592,066;1;0;100
LV;Latvia;O3;Ozone (air);2008;0;0;729366,754;5;0;100
LV;Latvia;O3;Ozone (air);2009;0;0;729366,754;5;0;100
LV;Latvia;O3;Ozone (air);2010;0;0;729366,754;4;0;100
LV;Latvia;O3;Ozone (air);2011;0;0;729366,754;4;0;100
LV;Latvia;O3;Ozone (air);2012;0;0;729366,754;4;0;100
MT;Malta;O3;Ozone (air);2005;0;0;9793,15;1;0;100
MT;Malta;O3;Ozone (air);2007;0;0;9793,15;1;0;100
MT;Malta;O3;Ozone (air);2008;0;0;9793,15;1;0;100
MT;Malta;O3;Ozone (air);2009;0;0;9793,15;1;0;100
MT;Malta;O3;Ozone (air);2010;0;0;9793,15;1;0;100
MT;Malta;O3;Ozone (air);2012;0;0;9793,15;1;0;100
NL;Netherlands;O3;Ozone (air);1987;0;0;1713299,8;4;0;100
NL;Netherlands;O3;Ozone (air);1988;0;0;1998628,8;9;0;100
NL;Netherlands;O3;Ozone (air);1989;570017,448;1;1441986,328;9;28,330833907938;71,669166092062
NL;Netherlands;O3;Ozone (air);1990;1148774,512;3;882624,016;10;56,5509178118298;43,4490821881702
NL;Netherlands;O3;Ozone (air);1991;0;0;2017495,936;11;0;100
NL;Netherlands;O3;Ozone (air);1992;440168,976;1;1007309,512;11;30,4093621873571;69,5906378126429
NL;Netherlands;O3;Ozone (air);1993;0;0;1560683,48;14;0;100
NL;Netherlands;O3;Ozone (air);1994;108725,76;1;1451957,72;13;6,96654775893444;93,0334522410656
NL;Netherlands;O3;Ozone (air);1995;375793,704;2;1184889,776;12;24,0787904027792;75,9212095972208
NL;Netherlands;O3;Ozone (air);1996;0;0;1560683,48;14;0;100
NL;Netherlands;O3;Ozone (air);1997;0;0;1560683,48;21;0;100
NL;Netherlands;O3;Ozone (air);1998;0;0;1560683,48;11;0;100
NL;Netherlands;O3;Ozone (air);1999;0;0;1560683,48;11;0;100
NL;Netherlands;O3;Ozone (air);2000;0;0;1120514,504;10;0;100
NL;Netherlands;O3;Ozone (air);2001;0;0;1560683,48;11;0;100
NL;Netherlands;O3;Ozone (air);2002;0;0;1550712,088;8;0;100
NL;Netherlands;O3;Ozone (air);2003;280442,92;2;1270269,168;6;18,0847832534598;81,9152167465403
NL;Netherlands;O3;Ozone (air);2004;0;0;1441715,872;9;0;100
NL;Netherlands;O3;Ozone (air);2005;0;0;2311230,024;14;0;100
NL;Netherlands;O3;Ozone (air);2006;1770562,872;6;709015,176;8;71,4058133168309;28,5941866831691
NL;Netherlands;O3;Ozone (air);2007;86436,792;1;1694507,112;12;4,85342586062722;95,1465741393728
NL;Netherlands;O3;Ozone (air);2008;86436,792;1;2232953,28;12;3,72670354346503;96,273296456535
NL;Netherlands;O3;Ozone (air);2009;0;0;2312200,376;12;0;100
NL;Netherlands;O3;Ozone (air);2010;0;0;2363662,592;12;0;100
NL;Netherlands;O3;Ozone (air);2011;0;0;2177053,512;10;0;100
NL;Netherlands;O3;Ozone (air);2012;0;0;2915864,52;17;0;100
NO;Norway;O3;Ozone (air);2007;0;0;235248,705;1;0;100
NO;Norway;O3;Ozone (air);2009;0;0;235248,705;1;0;100
NO;Norway;O3;Ozone (air);2010;0;0;235248,705;1;0;100
NO;Norway;O3;Ozone (air);2011;0;0;235248,705;1;0;100
NO;Norway;O3;Ozone (air);2012;0;0;516990,924;1;0;100
PL;Poland;O3;Ozone (air);1997;148494,969;1;880075,749;3;14,4370208485752;85,5629791514248
PL;Poland;O3;Ozone (air);1998;956772,285;3;1796390,505;2;34,7517512758481;65,2482487241519
PL;Poland;O3;Ozone (air);1999;442486,926;2;2310675,864;5;16,0719492362455;83,9280507637545
PL;Poland;O3;Ozone (air);2000;225191,505;2;3215333,415;6;6,54526591831807;93,4547340816819
PL;Poland;O3;Ozone (air);2001;823947,768;1;2616577,152;8;23,9483156541125;76,0516843458876
PL;Poland;O3;Ozone (air);2002;731580,78;1;2632247,604;7;21,7484573077436;78,2515426922565
PL;Poland;O3;Ozone (air);2003;956772,285;3;2483752,635;6;27,8089043749754;72,1910956250246
PL;Poland;O3;Ozone (air);2004;0;0;4213737,402;11;0;100
PL;Poland;O3;Ozone (air);2005;1283427,6;2;4955789,622;18;20,570330449059;79,429669550941
PL;Poland;O3;Ozone (air);2006;3192671,538;10;4426715,756;17;41,9019458495582;58,0980541504418
PL;Poland;O3;Ozone (air);2007;1577628,213;7;6520464,147;22;19,4814796234307;80,5185203765693
PL;Poland;O3;Ozone (air);2008;1062295,71;4;7218613,71;25;12,8282493639449;87,1717506360552
PL;Poland;O3;Ozone (air);2009;0;0;8151021,53;29;0;100
PL;Poland;O3;Ozone (air);2010;0;0;7434911,736;27;0;100
PL;Poland;O3;Ozone (air);2011;0;0;7798443,618;26;0;100
PL;Poland;O3;Ozone (air);2012;933892,092;6;7564479,384;28;10,9890711960212;89,0109288039788
PT;Portugal;O3;Ozone (air);1997;0;0;34396,916;4;0;100
PT;Portugal;O3;Ozone (air);1998;0;0;49766,396;6;0;100
PT;Portugal;O3;Ozone (air);1999;0;0;821853,908;9;0;100
PT;Portugal;O3;Ozone (air);2000;0;0;809982,556;8;0;100
PT;Portugal;O3;Ozone (air);2001;0;0;1273525,586;11;0;100
PT;Portugal;O3;Ozone (air);2002;0;0;1270738,932;16;0;100
PT;Portugal;O3;Ozone (air);2003;118625,182;1;1217511,364;17;8,87822298964346;91,1217770103565
PT;Portugal;O3;Ozone (air);2004;167746,826;1;1591494,802;21;9,53517830240884;90,4648216975912
PT;Portugal;O3;Ozone (air);2005;0;0;1795633,962;21;0;100
PT;Portugal;O3;Ozone (air);2006;339042,47;3;1473707,756;18;18,7032093631635;81,2967906368365
PT;Portugal;O3;Ozone (air);2007;167746,826;1;1645003,4;19;9,25371976756824;90,7462802324318
PT;Portugal;O3;Ozone (air);2008;0;0;1753793,226;19;0;100
PT;Portugal;O3;Ozone (air);2009;0;0;2108801,048;21;0;100
PT;Portugal;O3;Ozone (air);2010;0;0;2197358,92;22;0;100
PT;Portugal;O3;Ozone (air);2011;0;0;2369344,318;21;0;100
PT;Portugal;O3;Ozone (air);2012;0;0;2344558,628;16;0;100
RO;Romania;O3;Ozone (air);2004;1830798,368;1;115322,864;3;94,0742199353385;5,92578006466146
RO;Romania;O3;Ozone (air);2005;0;0;2164010,304;4;0;100
RO;Romania;O3;Ozone (air);2006;293709,632;1;2164010,304;4;11,9504923119117;88,0495076880884
RO;Romania;O3;Ozone (air);2007;293041,072;1;2562626,272;6;10,2617369847263;89,7382630152737
RO;Romania;O3;Ozone (air);2008;317035,176;3;2928740,944;11;9,76762303618156;90,2323769638184
RO;Romania;O3;Ozone (air);2009;1032974;6;1726942,032;14;37,4277328738674;62,5722671261326
RO;Romania;O3;Ozone (air);2010;0;0;5062487,344;24;0;100
RO;Romania;O3;Ozone (air);2011;0;0;2417712,384;17;0;100
RO;Romania;O3;Ozone (air);2012;293041,072;1;3565771,664;23;7,5940734119107;92,4059265880893
SE;Sweden;O3;Ozone (air);1990;0;0;478463,028;1;0;100
SE;Sweden;O3;Ozone (air);1991;0;0;478463,028;1;0;100
SE;Sweden;O3;Ozone (air);1992;0;0;478463,028;1;0;100
SE;Sweden;O3;Ozone (air);1993;0;0;478463,028;1;0;100
SE;Sweden;O3;Ozone (air);1994;0;0;478463,028;1;0;100
SE;Sweden;O3;Ozone (air);1995;0;0;478463,028;1;0;100
SE;Sweden;O3;Ozone (air);1996;0;0;478463,028;1;0;100
SE;Sweden;O3;Ozone (air);1997;0;0;478463,028;1;0;100
SE;Sweden;O3;Ozone (air);1998;0;0;747119,628;2;0;100
SE;Sweden;O3;Ozone (air);1999;0;0;1501065,696;3;0;100
SE;Sweden;O3;Ozone (air);2000;0;0;1503266,334;4;0;100
SE;Sweden;O3;Ozone (air);2001;0;0;1503266,334;4;0;100
SE;Sweden;O3;Ozone (air);2002;0;0;1501065,696;3;0;100
SE;Sweden;O3;Ozone (air);2003;0;0;1503266,334;4;0;100
SE;Sweden;O3;Ozone (air);2004;0;0;1723200,93;7;0;100
SE;Sweden;O3;Ozone (air);2005;0;0;1721000,292;6;0;100
SE;Sweden;O3;Ozone (air);2006;0;0;1850692,872;7;0;100
SE;Sweden;O3;Ozone (air);2007;0;0;1603824,294;5;0;100
SE;Sweden;O3;Ozone (air);2008;0;0;1723200,93;6;0;100
SE;Sweden;O3;Ozone (air);2009;0;0;1851618,536;8;0;100
SE;Sweden;O3;Ozone (air);2010;0;0;1729244,33;7;0;100
SE;Sweden;O3;Ozone (air);2011;0;0;1250781,302;6;0;100
SE;Sweden;O3;Ozone (air);2012;0;0;1628686,37;6;0;100
SI;Slovenia;O3;Ozone (air);1997;240377,613;1;0;0;100;0
SI;Slovenia;O3;Ozone (air);1998;0;0;245658,098;2;0;100
SI;Slovenia;O3;Ozone (air);1999;0;0;245658,098;2;0;100
SI;Slovenia;O3;Ozone (air);2000;240377,613;1;0;0;100;0
SI;Slovenia;O3;Ozone (air);2001;240377,613;1;0;0;100;0
SI;Slovenia;O3;Ozone (air);2002;240377,613;1;5280,485;1;97,8504738728377;2,14952612716231
SI;Slovenia;O3;Ozone (air);2003;240377,613;1;5280,485;1;97,8504738728377;2,14952612716231
SI;Slovenia;O3;Ozone (air);2004;240377,613;1;5280,485;1;97,8504738728377;2,14952612716231
SI;Slovenia;O3;Ozone (air);2005;240377,613;1;5280,485;1;97,8504738728377;2,14952612716231
SI;Slovenia;O3;Ozone (air);2006;240377,613;1;5280,485;1;97,8504738728377;2,14952612716231
SI;Slovenia;O3;Ozone (air);2007;240377,613;1;5280,485;1;97,8504738728377;2,14952612716231
SI;Slovenia;O3;Ozone (air);2008;0;0;245658,098;2;0;100
SI;Slovenia;O3;Ozone (air);2009;240377,613;1;5280,485;1;97,8504738728377;2,14952612716231
SI;Slovenia;O3;Ozone (air);2010;0;0;245658,098;2;0;100
SI;Slovenia;O3;Ozone (air);2011;240377,613;1;0;0;100;0
SI;Slovenia;O3;Ozone (air);2012;240377,613;1;5280,485;1;97,8504738728377;2,14952612716231
SK;Slovakia;O3;Ozone (air);1997;0;0;75532,414;1;0;100
SK;Slovakia;O3;Ozone (air);1998;75532,414;1;222411,265;1;25,351238950097;74,648761049903
SK;Slovakia;O3;Ozone (air);2000;583788,9315;5;200829,2955;1;74,4042021216007;25,5957978783993
SK;Slovakia;O3;Ozone (air);2001;276361,7095;2;503050,4225;3;35,4577120567582;64,5422879432418
SK;Slovakia;O3;Ozone (air);2002;503050,4225;3;276361,7095;2;64,5422879432418;35,4577120567582
SK;Slovakia;O3;Ozone (air);2003;865541,037;6;0;0;100;0
SK;Slovakia;O3;Ozone (air);2004;200829,2955;1;664711,7415;5;23,202746827127;76,797253172873
SK;Slovakia;O3;Ozone (air);2005;699602,27;4;219650,161;3;76,105566480683;23,894433519317
SK;Slovakia;O3;Ozone (air);2006;557000,867;4;139840,299;2;79,9322563271183;20,0677436728817
SK;Slovakia;O3;Ozone (air);2007;481468,453;3;222411,265;1;68,402092102901;31,597907897099
SK;Slovakia;O3;Ozone (air);2008;200829,2955;1;503050,4225;3;28,5317633630125;71,4682366369874
SK;Slovakia;O3;Ozone (air);2009;581746,6015;4;200829,2955;1;74,3374034045927;25,6625965954073
SK;Slovakia;O3;Ozone (air);2010;0;0;858108,311;6;0;100
SK;Slovakia;O3;Ozone (air);2011;578582,8365;4;200829,2955;1;74,2332346066176;25,7667653933824
SK;Slovakia;O3;Ozone (air);2012;858108,311;6;0;0;100;0